City_ID,City,Country,Date,Lat,Lng,Max Temp,Humidity,Cloudiness,Wind Speed
0,Ratchaburi,TH,2022-06-15 04:30:57,13.5833,99.5333,90.79,52,100,1.03
1,New Norfolk,AU,2022-06-15 04:30:58,-42.7826,147.0587,49.5,86,100,0.58
2,Punta Arenas,CL,2022-06-15 04:26:52,-53.15,-70.9167,35.71,87,0,11.5
3,Srednekolymsk,RU,2022-06-15 04:30:58,67.45,153.6833,74.68,21,9,1.25
4,Rikitea,PF,2022-06-15 04:26:56,-23.1203,-134.9692,73.22,70,55,8.52
5,Cap Malheureux,MU,2022-06-15 04:30:59,-19.9842,57.6142,73.47,74,12,7.0
6,Touros,BR,2022-06-15 04:30:59,-5.1989,-35.4608,73.33,81,9,9.73
7,Noumea,NC,2022-06-15 04:23:05,-22.2763,166.4572,75.18,90,99,12.24
8,Grindavik,IS,2022-06-15 04:22:06,63.8424,-22.4338,46.35,87,75,11.5
9,Bluff,NZ,2022-06-15 04:26:53,-46.6,168.3333,46.8,71,100,23.17
10,Saint-Francois,FR,2022-06-15 04:23:34,46.4154,3.9054,58.44,82,0,2.3
11,Port Elizabeth,ZA,2022-06-15 04:23:55,-33.918,25.5701,52.32,72,0,19.57
12,Barrow,US,2022-06-15 04:31:00,71.2906,-156.7887,35.62,87,100,10.36
13,Faanui,PF,2022-06-15 04:31:00,-16.4833,-151.75,80.17,74,39,21.77
14,Port Alfred,ZA,2022-06-15 04:31:01,-33.5906,26.891,53.19,68,47,5.99
15,La Asuncion,VE,2022-06-15 04:31:01,11.0333,-63.8628,75.9,85,72,3.11
16,Ponta Do Sol,PT,2022-06-15 04:31:01,32.6667,-17.1,67.01,80,28,9.08
17,Ushuaia,AR,2022-06-15 04:31:02,-54.8,-68.3,37.06,70,75,8.05
18,Singapore,SG,2022-06-15 04:29:09,1.2897,103.8501,87.75,71,75,10.36
19,Torbay,CA,2022-06-15 04:31:03,47.6666,-52.7314,41.76,89,100,9.22
20,Ribeira Grande,PT,2022-06-15 04:31:03,38.5167,-28.7,65.3,94,98,9.46
21,Mataura,NZ,2022-06-15 04:26:53,-46.1927,168.8643,46.47,93,100,8.16
22,Bredasdorp,ZA,2022-06-15 04:27:01,-34.5322,20.0403,45.84,91,45,7.38
23,Moree,AU,2022-06-15 04:31:04,-29.4667,149.85,66.33,50,0,5.66
24,Nenjiang,CN,2022-06-15 04:31:04,49.1833,125.2167,77.02,52,58,13.44
25,Busselton,AU,2022-06-15 04:27:05,-33.65,115.3333,65.64,60,94,18.9
26,Georgetown,MY,2022-06-15 04:26:42,5.4112,100.3354,86.9,75,20,9.22
27,Paso De Los Toros,UY,2022-06-15 04:31:05,-32.8167,-56.5167,49.24,92,41,6.06
28,Chokurdakh,RU,2022-06-15 04:31:05,70.6333,147.9167,75.67,19,24,7.18
29,Cape Town,ZA,2022-06-15 04:30:33,-33.9258,18.4232,48.9,90,40,5.75
30,Sitka,US,2022-06-15 04:31:06,57.0531,-135.33,53.49,71,100,0.0
31,Hilo,US,2022-06-15 04:26:18,19.7297,-155.09,80.33,71,0,8.05
32,Guerrero Negro,MX,2022-06-15 04:31:06,27.9769,-114.0611,62.62,85,0,14.36
33,Thompson,CA,2022-06-15 04:31:06,55.7435,-97.8558,64.56,82,100,8.05
34,Bassar,TG,2022-06-15 04:31:07,9.25,0.7833,67.46,92,100,5.19
35,Lukow,PL,2022-06-15 04:31:07,51.929,22.3796,53.92,82,49,9.24
36,Los Llanos De Aridane,ES,2022-06-15 04:31:07,28.6585,-17.9182,62.35,71,0,8.05
37,Avarua,CK,2022-06-15 04:31:08,-21.2078,-159.775,78.85,73,40,9.22
38,Nueve De Julio,AR,2022-06-15 04:31:08,-35.4444,-60.8831,48.76,59,100,5.88
39,Lompoc,US,2022-06-15 04:31:08,34.6391,-120.4579,60.94,80,0,20.0
40,Bloemfontein,ZA,2022-06-15 04:31:09,-29.1211,26.214,33.28,100,0,5.75
41,Banepa,NP,2022-06-15 04:31:09,27.6298,85.5214,75.52,78,75,3.44
42,Hobart,AU,2022-06-15 04:26:58,-42.8794,147.3294,49.86,91,75,0.0
43,Tortoli,IT,2022-06-15 04:31:09,39.9256,9.6572,75.02,38,0,2.3
44,Chabahar,IR,2022-06-15 04:31:10,25.2919,60.643,84.4,75,20,6.26
45,Mujiayingzi,CN,2022-06-15 04:31:10,42.1167,118.7833,73.9,43,39,1.99
46,Pangnirtung,CA,2022-06-15 04:31:10,66.1451,-65.7125,34.23,91,98,0.89
47,Sao Filipe,CV,2022-06-15 04:24:37,14.8961,-24.4956,73.62,80,100,9.35
48,Kaitangata,NZ,2022-06-15 04:22:15,-46.2817,169.8464,43.11,87,97,13.15
49,Hithadhoo,MV,2022-06-15 04:32:11,-0.6,73.0833,82.96,72,54,7.43
50,Puerto Ayora,EC,2022-06-15 04:32:11,-0.7393,-90.3518,70.56,92,84,1.99
51,Kapaa,US,2022-06-15 04:32:12,22.0752,-159.319,84.18,83,20,14.97
52,Konevo,RU,2022-06-15 04:32:12,62.1215,39.3192,59.74,89,100,8.77
53,Vila Velha,BR,2022-06-15 04:32:13,-20.3297,-40.2925,66.94,78,20,3.44
54,Hasaki,JP,2022-06-15 04:32:13,35.7333,140.8333,68.29,86,100,14.2
55,Yellowknife,CA,2022-06-15 04:30:13,62.456,-114.3525,68.52,45,40,6.91
56,Esperance,AU,2022-06-15 04:32:13,-33.8667,121.9,65.55,51,13,14.34
57,East London,ZA,2022-06-15 04:27:01,-33.0153,27.9116,56.34,58,0,14.97
58,Isangel,VU,2022-06-15 04:32:14,-19.55,169.2667,78.76,76,73,11.9
59,Shelburne,CA,2022-06-15 04:28:32,44.0787,-80.2041,61.56,72,0,6.46
60,Pacific Grove,US,2022-06-15 04:30:03,36.6177,-121.9166,60.48,79,0,6.91
61,Antofagasta,CL,2022-06-15 04:32:14,-23.65,-70.4,54.68,84,50,4.29
62,Torbat-E Jam,IR,2022-06-15 04:32:15,35.244,60.6225,94.6,12,0,8.41
63,Wewak,PG,2022-06-15 04:32:15,-3.5534,143.6268,84.65,69,11,8.1
64,Alofi,NU,2022-06-15 04:23:35,-19.0595,-169.9187,78.69,78,69,8.05
65,Bulgan,MN,2022-06-15 04:32:16,48.8125,103.5347,74.77,47,92,5.61
66,Saskylakh,RU,2022-06-15 04:32:16,71.9167,114.0833,55.38,33,5,11.48
67,Kruisfontein,ZA,2022-06-15 04:32:16,-34.0033,24.7314,48.88,73,78,19.71
68,Nuuk,GL,2022-06-15 04:32:17,64.1835,-51.7216,38.88,60,8,18.01
69,George Town,MY,2022-06-15 04:30:09,5.4112,100.3354,86.9,75,20,9.22
70,Mahebourg,MU,2022-06-15 04:32:17,-20.4081,57.7,73.26,83,40,10.36
71,Cabo San Lucas,MX,2022-06-15 04:28:28,22.8909,-109.9124,87.1,64,8,5.99
72,Riyadh,SA,2022-06-15 04:29:18,24.6877,46.7219,89.74,21,2,4.76
73,Devils Lake,US,2022-06-15 04:32:18,48.1128,-98.8651,60.78,77,0,9.22
74,Sovetskiy,RU,2022-06-15 04:32:18,61.3614,63.5842,70.18,37,82,5.91
75,Grasse,FR,2022-06-15 04:32:18,43.6667,6.9167,70.25,65,0,3.44
76,Potrerillos Arriba,PA,2022-06-15 04:32:19,8.6833,-82.5,65.84,97,100,0.81
77,Ano Mera,GR,2022-06-15 04:32:19,37.45,25.4,75.27,68,0,25.23
78,Xai-Xai,MZ,2022-06-15 04:32:19,-25.0519,33.6442,64.51,78,4,12.5
79,Lavrentiya,RU,2022-06-15 04:32:20,65.5833,-171.0,34.95,100,100,6.42
80,Vila Franca Do Campo,PT,2022-06-15 04:32:20,37.7167,-25.4333,65.19,88,95,5.66
81,Pisco,PE,2022-06-15 04:23:34,-13.7,-76.2167,60.85,77,100,3.44
82,Tuktoyaktuk,CA,2022-06-15 04:32:21,69.4541,-133.0374,42.8,65,75,11.5
83,Bambous Virieux,MU,2022-06-15 04:26:55,-20.3428,57.7575,73.22,83,40,10.36
84,Margate,GB,2022-06-15 04:32:21,51.3813,1.3862,57.31,91,39,7.7
85,Phulpur,IN,2022-06-15 04:32:22,25.55,82.1,98.62,33,81,11.74
86,Talcahuano,CL,2022-06-15 04:32:22,-36.7167,-73.1167,49.68,93,40,3.44
87,Saint-Philippe,RE,2022-06-15 04:26:57,-21.3585,55.7679,71.19,83,43,13.18
88,Vaini,TO,2022-06-15 04:27:02,-21.2,-175.2,78.96,73,20,6.91
89,Taoudenni,ML,2022-06-15 04:32:22,22.6783,-3.9836,89.85,11,0,11.45
90,Talnakh,RU,2022-06-15 04:32:23,69.4865,88.3972,76.21,37,57,5.3
91,Acari,PE,2022-06-15 04:32:23,-15.4311,-74.6158,61.61,80,84,2.33
92,Quang Ngai,VN,2022-06-15 04:32:15,15.1167,108.8,93.72,52,100,8.63
93,Tucuma,BR,2022-06-15 04:32:24,-0.1833,-50.05,74.23,92,38,6.04
94,Codrington,AU,2022-06-15 04:33:24,-38.2667,141.9667,56.5,87,99,15.28
95,Camacha,PT,2022-06-15 04:33:24,33.0833,-16.3333,63.82,77,20,3.44
96,Planadas,CO,2022-06-15 04:33:25,3.197,-75.6451,64.56,91,79,4.25
97,Muzhi,RU,2022-06-15 04:33:25,65.3667,64.6667,67.15,41,62,10.8
98,Jamestown,US,2022-06-15 04:30:31,42.097,-79.2353,64.06,80,3,1.01
99,Remanso,BR,2022-06-15 04:33:25,-9.6179,-42.0831,72.73,74,33,14.0
100,Havoysund,NO,2022-06-15 04:33:26,70.9963,24.6622,43.03,83,100,9.24
101,Tuatapere,NZ,2022-06-15 04:33:26,-46.1333,167.6833,44.04,89,100,9.13
102,Nichlaul,IN,2022-06-15 04:33:26,27.3167,83.7333,104.34,31,1,3.58
103,Qaanaaq,GL,2022-06-15 04:33:27,77.484,-69.3632,24.6,79,100,5.26
104,Upernavik,GL,2022-06-15 04:33:27,72.7868,-56.1549,24.19,85,11,8.95
105,Dinar,TR,2022-06-15 04:33:27,38.065,30.1656,58.96,64,6,3.78
106,Atuona,PF,2022-06-15 04:26:51,-9.8,-139.0333,78.1,75,63,21.74
107,Tahe,CN,2022-06-15 04:33:28,52.3333,124.7333,68.56,57,100,3.89
108,Kiunga,PG,2022-06-15 04:33:28,-6.1219,141.2906,84.79,68,88,2.84
109,Henties Bay,NA,2022-06-15 04:33:29,-22.116,14.2845,53.38,72,0,7.07
110,Albany,US,2022-06-15 04:24:31,42.6001,-73.9662,63.73,81,59,3.65
111,Byron Bay,AU,2022-06-15 04:29:37,-28.65,153.6167,74.95,64,2,5.37
112,Portland,US,2022-06-15 04:29:51,45.5234,-122.6762,59.61,69,38,5.01
113,Souillac,MU,2022-06-15 04:33:29,-20.5167,57.5167,71.98,83,40,10.36
114,Hermanus,ZA,2022-06-15 04:26:56,-34.4187,19.2345,46.8,72,38,9.55
115,Lagoa,PT,2022-06-15 04:33:30,39.05,-27.9833,63.72,94,96,15.66
116,Guarne,CO,2022-06-15 04:33:30,6.2805,-75.4435,57.31,100,75,2.3
117,Iqaluit,CA,2022-06-15 04:33:30,63.7506,-68.5145,42.53,86,75,2.3
118,Nome,US,2022-06-15 04:23:33,64.5011,-165.4064,47.16,71,100,10.36
119,Luderitz,NA,2022-06-15 04:33:31,-26.6481,15.1594,54.07,71,0,6.46
120,Hurghada,EG,2022-06-15 04:33:31,27.2574,33.8129,80.64,39,0,12.66
121,Manokwari,ID,2022-06-15 04:33:32,-0.8667,134.0833,83.17,70,77,9.28
122,Nikolskoye,RU,2022-06-15 04:33:32,59.7035,30.7861,57.87,85,42,2.66
123,Castro,BR,2022-06-15 04:33:32,-24.7911,-50.0119,45.03,95,59,3.94
124,Tasiilaq,GL,2022-06-15 04:27:03,65.6145,-37.6368,41.16,96,100,18.32
125,Ust-Kuyga,RU,2022-06-15 04:33:33,70.0167,135.6,73.2,26,85,10.78
126,Biltine,TD,2022-06-15 04:33:33,14.5333,20.9167,80.2,56,95,3.78
127,Mehamn,NO,2022-06-15 04:33:33,71.0357,27.8492,40.95,93,75,10.36
128,Vytegra,RU,2022-06-15 04:33:34,61.0064,36.4481,58.41,95,100,6.55
129,Kahului,US,2022-06-15 04:33:34,20.8947,-156.47,82.42,68,20,21.85
130,Lebu,CL,2022-06-15 04:26:50,-37.6167,-73.65,51.13,93,100,5.86
131,Nishihara,JP,2022-06-15 04:26:59,26.1842,127.7558,82.45,80,75,11.5
132,Bose,IT,2022-06-15 04:33:35,45.4612,8.0137,70.84,75,55,1.81
133,Zarate,AR,2022-06-15 04:28:40,-34.0981,-59.0286,48.83,91,100,4.0
134,Provideniya,RU,2022-06-15 04:33:35,64.3833,-173.3,41.36,75,100,4.47
135,Kota Kinabalu,MY,2022-06-15 04:33:35,5.9749,116.0724,89.58,70,20,5.01
136,Ust-Ilimsk,RU,2022-06-15 04:33:36,58.0006,102.6619,87.69,25,35,2.35
137,Sibolga,ID,2022-06-15 04:33:36,1.7427,98.7792,75.54,92,100,2.01
138,Fortuna,US,2022-06-15 04:26:58,40.5982,-124.1573,55.65,81,63,6.22
139,Vigrestad,NO,2022-06-15 04:33:36,58.5667,5.7,52.97,90,34,10.31
140,Troitsko-Pechorsk,RU,2022-06-15 04:33:37,62.7084,56.1964,68.0,51,26,5.21
141,San Rafael,AR,2022-06-15 04:33:37,-34.6177,-68.3301,46.53,31,0,5.35
142,Ariquemes,BR,2022-06-15 04:34:37,-9.9133,-63.0408,67.32,88,56,0.56
143,Flin Flon,CA,2022-06-15 04:34:38,54.7682,-101.865,60.03,99,100,8.9
144,Uribia,CO,2022-06-15 04:34:38,11.7139,-72.266,81.57,70,100,8.46
145,Lujan,AR,2022-06-15 04:34:38,-34.5703,-59.105,51.94,99,100,7.02
146,Khatanga,RU,2022-06-15 04:34:39,71.9667,102.5,60.76,36,7,10.2
147,Laguna,US,2022-06-15 04:34:39,38.421,-121.4238,80.78,21,0,4.61
148,Sayyan,YE,2022-06-15 04:34:39,15.1718,44.3244,72.5,15,7,8.05
149,Ambon,ID,2022-06-15 04:34:40,-3.6954,128.1814,86.14,74,40,4.61
150,Kafanchan,NG,2022-06-15 04:34:40,9.5833,8.3,67.84,97,35,2.57
151,Sabha,LY,2022-06-15 04:34:40,27.0377,14.4283,75.24,32,10,9.66
152,Ofaqim,IL,2022-06-15 04:34:41,31.3141,34.6203,74.19,64,0,1.59
153,Karratha,AU,2022-06-15 04:34:41,-20.7377,116.8463,81.46,40,7,14.36
154,Port Blair,IN,2022-06-15 04:33:39,11.6667,92.75,86.04,74,75,5.75
155,Victoria,HK,2022-06-15 04:33:34,22.2855,114.1577,86.38,85,100,10.0
156,Jepelacio,PE,2022-06-15 04:34:42,-6.1167,-76.95,58.75,93,24,1.23
157,Macheng,CN,2022-06-15 04:34:42,31.1783,115.0319,90.97,41,0,10.27
158,Wattegama,LK,2022-06-15 04:34:42,6.7989,81.4808,89.04,55,100,2.39
159,Bubaque,GW,2022-06-15 04:34:43,11.2833,-15.8333,79.47,82,31,9.46
160,Gasa,PS,2022-06-15 04:34:43,31.5,34.4667,74.88,68,0,1.16
161,Klaksvik,FO,2022-06-15 04:34:43,62.2266,-6.589,50.92,99,100,11.36
162,Karakulino,RU,2022-06-15 04:34:44,56.012,53.7067,67.77,71,60,4.94
163,Ciuruleasa,RO,2022-06-15 04:34:44,46.25,23.0333,57.87,61,9,0.78
164,Kisangani,CD,2022-06-15 04:34:44,0.5167,25.2,71.37,90,100,0.36
165,Bengkulu,ID,2022-06-15 04:26:52,-3.8004,102.2655,83.73,67,46,6.04
166,Carira,BR,2022-06-15 04:34:45,-10.3608,-37.7011,68.2,92,98,11.5
167,Arraial Do Cabo,BR,2022-06-15 04:26:55,-22.9661,-42.0278,67.44,64,100,5.91
168,Virbhadra,IN,2022-06-15 04:34:45,30.0712,78.2819,92.12,48,0,5.75
169,Dikson,RU,2022-06-15 04:27:04,73.5069,80.5464,36.7,70,74,7.47
170,Yatou,CN,2022-06-15 04:34:47,37.15,122.3833,65.73,78,99,15.43
171,Waingapu,ID,2022-06-15 04:34:47,-9.6567,120.2641,87.19,62,85,13.87
172,Amudat,UG,2022-06-15 04:34:48,1.95,34.95,68.02,72,5,0.49
173,Sunndalsora,NO,2022-06-15 04:34:48,62.6754,8.5515,55.2,77,94,1.32
174,Cabedelo,BR,2022-06-15 04:27:05,-6.9811,-34.8339,72.27,75,56,10.02
175,Great Yarmouth,GB,2022-06-15 04:32:08,52.6083,1.7305,52.41,83,24,8.72
176,Saldanha,ZA,2022-06-15 04:34:48,-33.0117,17.9442,54.99,69,8,10.0
177,Gamba,GA,2022-06-15 04:34:49,-2.65,10.0,71.47,93,83,5.08
178,Pevek,RU,2022-06-15 04:34:49,69.7008,170.3133,37.83,74,28,3.49
179,Leningradskiy,RU,2022-06-15 04:26:57,69.3833,178.4167,33.46,93,100,13.0
180,Pathalgaon,IN,2022-06-15 04:34:50,22.5667,83.4667,90.79,46,94,11.3
181,Abu Samrah,SY,2022-06-15 04:34:50,35.3029,37.1841,71.6,64,0,7.29
182,Lorengau,PG,2022-06-15 04:34:50,-2.0226,147.2712,85.26,65,17,10.49
183,Carnarvon,AU,2022-06-15 04:34:50,-24.8667,113.6333,71.01,67,91,4.94
184,Jeremoabo,BR,2022-06-15 04:34:51,-10.075,-38.4808,68.29,94,94,11.48
185,Kamenka,RU,2022-06-15 04:34:51,51.3223,42.7678,69.53,62,17,10.74
186,Coahuayana,MX,2022-06-15 04:34:51,18.7333,-103.6833,80.85,80,100,0.25
187,Bima,ID,2022-06-15 04:34:52,-8.4667,118.7167,85.08,66,90,5.57
188,Aktas,KZ,2022-06-15 04:35:52,49.7789,72.9608,64.15,46,23,12.01
189,Vicksburg,US,2022-06-15 04:35:52,32.3526,-90.8779,80.33,95,20,4.61
190,Faya,SA,2022-06-15 04:35:53,18.3851,42.4509,71.71,13,69,7.56
191,Poum,NC,2022-06-15 04:35:53,-20.2333,164.0167,77.61,77,75,8.55
192,Piacabucu,BR,2022-06-15 04:35:54,-10.4056,-36.4344,75.24,86,89,15.1
193,Cidreira,BR,2022-06-15 04:35:54,-30.1811,-50.2056,58.64,93,2,8.93
194,La Palma,US,2022-06-15 04:35:54,33.8464,-118.0467,74.5,81,0,5.99
195,Nanortalik,GL,2022-06-15 04:35:55,60.1432,-45.2371,39.78,82,100,14.52
196,Cabuyaro,CO,2022-06-15 04:35:55,4.2817,-72.794,70.14,85,99,2.77
197,Somerset,US,2022-06-15 04:33:35,40.5668,-74.5496,73.74,82,0,3.44
198,Kloulklubed,PW,2022-06-15 04:35:55,7.0419,134.2556,84.7,74,51,14.03
199,Sun Valley,US,2022-06-15 04:35:56,39.5963,-119.776,67.93,20,0,9.22
200,Mar Del Plata,AR,2022-06-15 04:33:25,-38.0023,-57.5575,49.08,90,100,5.75
201,Ketchikan,US,2022-06-15 04:35:56,55.3422,-131.6461,57.67,72,0,4.61
202,Tabou,CI,2022-06-15 04:35:56,4.423,-7.3528,75.0,90,100,6.85
203,Namibe,AO,2022-06-15 04:35:57,-15.1961,12.1522,62.38,70,0,3.96
204,Beringovskiy,RU,2022-06-15 04:35:57,63.05,179.3167,39.83,75,84,13.13
205,Cayenne,GF,2022-06-15 04:27:00,4.9333,-52.3333,82.09,1,40,3.0
206,Eureka,US,2022-06-15 04:35:50,40.8021,-124.1637,55.92,83,54,7.0
207,Oranjestad,AW,2022-06-15 04:33:12,12.524,-70.027,80.55,83,40,20.71
208,Mackay,AU,2022-06-15 04:32:23,-21.15,149.2,78.67,69,91,11.95
209,Payakumbuh,ID,2022-06-15 04:35:58,-0.2202,100.6308,80.19,72,79,3.49
210,Dunboyne,IE,2022-06-15 04:35:58,53.4,-6.4667,54.36,81,0,5.75
211,Khasan,RU,2022-06-15 04:35:59,42.4308,130.6434,54.41,98,100,6.89
212,Ishigaki,JP,2022-06-15 04:35:59,24.3448,124.1572,87.93,84,75,18.41
213,Aloleng,PH,2022-06-15 04:35:59,16.1307,119.7824,86.72,69,59,6.62
214,Petropavlovsk-Kamchatskiy,RU,2022-06-15 04:32:18,53.0452,158.6483,63.19,39,20,17.9
215,Ancud,CL,2022-06-15 04:36:00,-41.8697,-73.8203,48.22,91,87,4.23
216,Olga,RU,2022-06-15 04:32:10,43.7444,135.2892,57.83,77,98,0.36
217,Umm Kaddadah,SD,2022-06-15 04:36:00,13.6017,26.6876,84.34,47,98,6.89
218,Vestmannaeyjar,IS,2022-06-15 04:36:00,63.4427,-20.2734,49.46,77,100,15.77
219,Cockburn Town,TC,2022-06-15 04:36:01,21.4612,-71.1419,80.76,77,3,21.72
220,Rio Gallegos,AR,2022-06-15 04:36:01,-51.6226,-69.2181,32.05,93,0,6.91
221,Saumur,FR,2022-06-15 04:36:01,47.3333,-0.25,65.03,64,7,6.4
222,Rucheng,CN,2022-06-15 04:36:02,32.3883,120.5553,88.97,23,0,6.46
223,Tambovka,RU,2022-06-15 04:36:02,50.0969,128.0489,75.78,56,91,13.24
224,Svetlogorsk,BY,2022-06-15 04:36:02,52.6333,29.7333,54.88,76,3,11.74
225,Komsomolskiy,UZ,2022-06-15 04:36:03,40.4272,71.7189,84.92,28,58,4.61
226,Norman Wells,CA,2022-06-15 04:27:01,65.282,-126.8329,51.84,66,75,8.05
227,Puerto Colombia,CO,2022-06-15 04:36:03,10.9878,-74.9547,78.89,79,99,7.02
228,Saint George,US,2022-06-15 04:36:03,37.1041,-113.5841,82.99,14,0,9.22
229,Chuy,UY,2022-06-15 04:36:04,-33.6971,-53.4616,51.06,94,6,5.39
230,Ochtrup,DE,2022-06-15 04:36:04,52.2167,7.1833,54.9,76,19,5.84
231,Srandakan,ID,2022-06-15 04:36:05,-7.9386,110.2506,85.8,64,19,7.74
232,Chenzhou,CN,2022-06-15 04:36:05,25.8,113.0333,83.7,65,97,6.26
233,Padang,ID,2022-06-15 04:36:05,-0.9492,100.3543,82.45,85,100,2.26
234,Samarai,PG,2022-06-15 04:36:06,-10.6167,150.6667,79.7,83,94,6.62
235,Shenjiamen,CN,2022-06-15 04:36:06,29.9576,122.298,76.39,78,98,2.01
236,Shimoda,JP,2022-06-15 04:37:06,34.6667,138.95,64.76,89,100,13.18
237,Airai,TL,2022-06-15 04:37:07,-8.9266,125.4092,71.42,63,76,4.45
238,Khani,GE,2022-06-15 04:37:07,41.9563,42.9566,58.57,98,99,2.15
239,Billings,US,2022-06-15 04:36:13,45.7833,-108.5007,58.28,36,100,27.63
240,Port Hardy,CA,2022-06-15 04:37:08,50.6996,-127.4199,53.78,76,75,3.44
241,Ostrovnoy,RU,2022-06-15 04:37:08,68.0531,39.5131,57.54,64,87,7.34
242,Corn Island,NI,2022-06-15 04:37:08,12.1694,-83.0418,80.58,77,100,18.63
243,Punta Alta,AR,2022-06-15 04:37:09,-38.8759,-62.0736,47.93,63,40,4.56
244,Orthez,FR,2022-06-15 04:37:09,43.4884,-0.7724,68.76,96,36,3.42
245,Longyearbyen,SJ,2022-06-15 04:37:09,78.2186,15.6401,40.84,70,75,14.97
246,Khor,RU,2022-06-15 04:37:10,47.8861,134.9464,75.61,62,12,6.02
247,Chicama,PE,2022-06-15 04:37:10,-7.8447,-79.1469,59.54,86,10,5.84
248,Trelew,AR,2022-06-15 04:37:10,-43.249,-65.3051,44.31,83,77,4.14
249,Dawlatabad,AF,2022-06-15 04:37:10,36.4141,64.9053,98.13,10,5,9.71
250,Fauske,NO,2022-06-15 04:37:11,67.2588,15.3918,48.65,87,100,4.45
251,Narsaq,GL,2022-06-15 04:37:11,60.9167,-46.05,46.62,70,96,4.32
252,Yulara,AU,2022-06-15 04:37:11,-25.2406,130.9889,72.59,30,3,4.09
253,Honningsvag,NO,2022-06-15 04:37:12,70.9821,25.9704,42.55,87,100,12.66
254,San Patricio,US,2022-06-15 04:37:12,28.017,-97.5169,84.83,82,100,17.72
255,San Agustin,MX,2022-06-15 04:37:12,20.5333,-103.4667,71.51,60,100,3.44
256,Wellington,NZ,2022-06-15 04:36:03,-41.2866,174.7756,58.66,47,5,6.91
257,Vila,PT,2022-06-15 04:37:13,42.0304,-8.1588,56.28,33,7,3.94
258,Sao Jose Da Coroa Grande,BR,2022-06-15 04:37:13,-8.8978,-35.1478,75.04,83,46,3.09
259,Iguape,BR,2022-06-15 04:37:14,-24.7081,-47.5553,57.33,92,25,3.74
260,Kodiak,US,2022-06-15 04:37:14,57.79,-152.4072,51.31,87,100,11.5
261,Kavaratti,IN,2022-06-15 04:37:14,10.5669,72.642,82.6,75,100,17.52
262,Thunder Bay,CA,2022-06-15 04:33:08,48.4001,-89.3168,55.38,94,100,9.22
263,Meadow Lake,US,2022-06-15 04:37:15,34.8014,-106.5436,81.14,20,0,1.19
264,Villazon,BO,2022-06-15 04:37:15,-22.0866,-65.5942,35.92,17,0,1.63
265,Ponta Delgada,PT,2022-06-15 04:37:15,37.7333,-25.6667,65.5,82,40,12.66
266,Tierralta,CO,2022-06-15 04:37:16,8.1736,-76.0592,72.73,97,100,2.13
267,Severo-Kurilsk,RU,2022-06-15 04:37:16,50.6789,156.125,47.48,91,98,2.53
268,Gay,RU,2022-06-15 04:37:16,51.4666,58.4552,64.92,51,0,4.72
269,Pushkino,RU,2022-06-15 04:37:17,56.0172,37.8667,55.69,67,3,11.88
270,Bandarbeyla,SO,2022-06-15 04:37:17,9.4942,50.8122,84.6,56,5,28.83
271,Nurobod,UZ,2022-06-15 04:37:18,40.9056,69.8023,88.83,25,3,6.89
272,Cherskiy,RU,2022-06-15 04:37:18,68.75,161.3,69.21,23,5,7.74
273,Ilulissat,GL,2022-06-15 04:37:18,69.2167,-51.1,32.02,80,20,3.44
274,Hovd,MN,2022-06-15 04:37:19,48.0056,91.6419,80.26,23,99,8.43
275,Beidao,CN,2022-06-15 04:37:19,34.5686,105.8933,88.72,21,0,9.46
276,Carmen,MX,2022-06-15 04:36:24,18.6333,-91.8333,81.73,71,82,19.19
277,Sungaipenuh,ID,2022-06-15 04:37:20,-2.0833,101.3833,72.9,87,56,2.24
278,Tuy Hoa,VN,2022-06-15 04:38:20,13.0833,109.3,91.83,58,100,11.05
279,Katsuura,JP,2022-06-15 04:33:40,35.1333,140.3,68.02,89,100,13.11
280,San Juan,AR,2022-06-15 04:38:21,-31.5375,-68.5364,49.57,46,3,5.03
281,Jaru,BR,2022-06-15 04:38:21,-10.4389,-62.4664,67.64,87,74,0.92
282,Marovoay,MG,2022-06-15 04:38:21,-16.1,46.6333,73.18,71,0,5.79
283,Moussoro,TD,2022-06-15 04:38:22,13.6408,16.4901,79.03,60,63,15.43
284,Linxia,CN,2022-06-15 04:38:22,35.6003,103.2064,81.23,20,0,6.46
285,Anjangaon,IN,2022-06-15 04:38:22,21.1631,77.3094,92.07,47,85,9.06
286,Marquette,US,2022-06-15 04:38:23,46.5333,-87.6335,68.83,90,98,7.7
287,Bundaberg,AU,2022-06-15 04:38:23,-24.85,152.35,75.22,64,36,1.99
288,Nikolsk,RU,2022-06-15 04:38:23,53.7189,46.0712,63.37,78,87,8.28
289,Jalu,LY,2022-06-15 04:38:24,29.0331,21.5482,74.34,65,0,8.63
290,The Valley,AI,2022-06-15 04:38:24,18.217,-63.0578,82.26,78,9,18.43
291,Ajdabiya,LY,2022-06-15 04:38:24,30.7554,20.2263,71.96,76,0,6.51
292,Halifax,CA,2022-06-15 04:38:25,44.6453,-63.5724,55.29,94,100,11.01
293,Coquimbo,CL,2022-06-15 04:38:25,-29.9533,-71.3436,47.93,87,0,8.05
294,Naze,JP,2022-06-15 04:38:26,28.3667,129.4833,79.72,88,100,7.78
295,Hami,CN,2022-06-15 04:38:26,42.8,93.45,99.73,9,100,8.93
296,Rio Grande,BR,2022-06-15 04:38:26,-32.035,-52.0986,47.95,94,0,8.37
297,Aksarka,RU,2022-06-15 04:38:27,66.5606,67.7975,64.08,36,10,8.63
298,Ransang,PH,2022-06-15 04:38:27,8.9603,117.5828,87.44,62,85,3.6
299,Edea,CM,2022-06-15 04:38:27,3.8,10.1333,72.64,99,69,1.39
300,Hay River,CA,2022-06-15 04:38:28,60.8156,-115.7999,60.78,63,100,2.3
301,Vagay,RU,2022-06-15 04:38:28,57.9375,69.0217,66.06,56,73,8.41
302,Prescott,US,2022-06-15 04:38:28,34.54,-112.4685,68.49,16,0,1.01
303,Necochea,AR,2022-06-15 04:38:29,-38.5473,-58.7368,50.18,65,100,8.05
304,Vardo,NO,2022-06-15 04:38:29,70.3705,31.1107,42.78,81,75,10.36
305,Wagar,SD,2022-06-15 04:38:29,16.1525,36.2032,86.7,42,50,16.31
306,Novyy Buyan,RU,2022-06-15 04:38:30,53.6861,50.0469,69.96,74,66,4.54
307,Butaritari,KI,2022-06-15 04:38:30,3.0707,172.7902,82.22,68,100,10.4
308,Alexandria,EG,2022-06-15 04:38:30,31.2156,29.9553,71.56,78,40,0.0
309,Dalvik,IS,2022-06-15 04:38:31,65.9702,-18.5286,46.33,79,72,2.75
310,Prince Rupert,CA,2022-06-15 04:37:13,54.3161,-130.3201,56.89,73,0,5.75
311,Teluk Nibung,ID,2022-06-15 04:38:31,3.001,99.8164,88.97,55,38,5.14
312,Ahipara,NZ,2022-06-15 04:38:31,-35.1667,173.1667,58.24,75,35,11.59
313,Xiongzhou,CN,2022-06-15 04:38:32,25.1167,114.3,70.86,93,100,1.01
314,Tiksi,RU,2022-06-15 04:38:32,71.6872,128.8694,41.2,78,100,14.09
315,Berkovica,BA,2022-06-15 04:38:33,44.6156,18.4294,48.51,72,3,2.57
316,Sakakah,SA,2022-06-15 04:38:33,29.9697,40.2064,80.17,22,0,11.3
317,Bethel,US,2022-06-15 04:38:30,41.3712,-73.414,65.93,83,0,0.0
318,Pinheiro Machado,BR,2022-06-15 04:38:33,-31.5783,-53.3811,50.05,96,0,4.36
319,Opuwo,NA,2022-06-15 04:38:34,-18.0607,13.84,49.39,39,0,5.03
320,Avera,US,2022-06-15 04:38:34,33.194,-82.5271,75.38,70,41,5.88
321,Celestun,MX,2022-06-15 04:39:35,20.8667,-90.4,82.09,65,97,15.19
322,Warri,NG,2022-06-15 04:39:35,5.5167,5.75,73.62,96,100,2.28
323,Rocha,UY,2022-06-15 04:39:35,-34.4833,-54.3333,47.89,93,54,4.56
324,Gubkinskiy,RU,2022-06-15 04:39:36,64.434,76.5026,68.27,62,99,12.75
325,Palmer,US,2022-06-15 04:37:04,42.1584,-72.3287,63.77,82,0,3.44
326,Grand Gaube,MU,2022-06-15 04:39:36,-20.0064,57.6608,73.38,75,8,5.99
327,Palm Coast,US,2022-06-15 04:35:42,29.585,-81.2078,81.07,85,0,4.0
328,Trincomalee,LK,2022-06-15 04:39:38,8.5711,81.2335,88.29,63,100,10.63
329,Miles City,US,2022-06-15 04:39:38,46.4083,-105.8406,56.37,44,0,16.11
330,Zaraysk,RU,2022-06-15 04:39:39,54.7653,38.8836,55.53,82,94,11.97
331,Pacifica,US,2022-06-15 04:39:39,37.6138,-122.4869,68.18,77,0,24.16
332,Balakhninskiy,RU,2022-06-15 04:39:39,58.0106,114.2769,75.4,37,17,3.6
333,Panacan,PH,2022-06-15 04:39:39,9.2463,118.4082,86.05,63,10,6.35
334,Marienburg,PL,2022-06-15 04:38:27,54.0359,19.0266,55.58,85,100,8.7
335,Tambacounda,SN,2022-06-15 04:39:40,13.7539,-13.7586,71.65,100,75,11.5
336,Libreville,GA,2022-06-15 04:39:40,0.3925,9.4537,77.02,88,40,9.22
337,Hamilton,US,2022-06-15 04:39:41,39.1834,-84.5333,81.81,85,0,5.75
338,Umea,SE,2022-06-15 04:39:41,63.8284,20.2597,55.9,67,0,11.5
339,Lisburn,GB,2022-06-15 04:35:54,54.5234,-6.0353,53.04,82,75,4.61
340,Kavieng,PG,2022-06-15 04:39:41,-2.5744,150.7967,84.6,68,17,9.93
341,Ginir,ET,2022-06-15 04:39:42,7.1333,40.7,62.37,71,56,9.62
342,Azare,NG,2022-06-15 04:39:42,11.6765,10.1948,78.91,67,37,4.5
343,Uetendorf,CH,2022-06-15 04:39:42,46.7739,7.5725,66.81,81,40,1.14
344,Tekeli,KZ,2022-06-15 04:39:43,44.83,78.8239,72.28,48,99,6.2
345,Corrales,US,2022-06-15 04:36:06,35.2378,-106.6067,83.44,17,0,10.36
346,Kirakira,SB,2022-06-15 04:39:43,-10.4544,161.9205,83.57,72,99,11.5
347,Aksu,CN,2022-06-15 04:39:13,41.1231,80.2644,93.47,10,29,7.7
348,Lagunillas,VE,2022-06-15 04:39:44,10.1301,-71.2595,78.22,82,100,4.16
349,Acapulco,MX,2022-06-15 04:39:44,16.8634,-99.8901,80.42,83,100,10.36
350,Yilan,TW,2022-06-15 04:35:34,24.757,121.753,88.36,99,100,1.88
351,Sembakung,ID,2022-06-15 04:39:44,3.8167,117.25,84.09,74,100,1.88
352,Nanzhang,CN,2022-06-15 04:39:45,31.7765,111.8386,97.43,31,0,7.85
353,Olafsvik,IS,2022-06-15 04:39:45,64.8945,-23.7142,48.69,75,93,16.4
354,Bilibino,RU,2022-06-15 04:39:45,68.0546,166.4372,61.68,23,2,14.27
355,Ilebo,CD,2022-06-15 04:39:46,-4.3167,20.5833,70.23,90,57,0.85
356,Te Anau,NZ,2022-06-15 04:36:35,-45.4167,167.7167,42.26,93,90,4.03
357,Sargatskoye,RU,2022-06-15 04:39:46,55.6101,73.4972,55.67,82,99,12.44
358,Ostersund,SE,2022-06-15 04:39:47,63.1792,14.6357,52.61,93,20,12.66
359,Mount Isa,AU,2022-06-15 04:39:47,-20.7333,139.5,78.57,15,0,6.91
360,Palmerston,AU,2022-06-15 04:39:47,-12.486,130.9833,90.03,36,0,10.36
361,Xingcheng,CN,2022-06-15 04:39:48,40.6167,120.7167,68.85,72,80,11.27
362,Luis Correia,BR,2022-06-15 04:39:48,-2.8792,-41.6669,72.79,84,2,8.86
363,Sobolevo,RU,2022-06-15 04:39:48,54.4299,31.8996,53.91,81,56,15.52
364,Bathsheba,BB,2022-06-15 04:39:49,13.2167,-59.5167,81.21,83,40,18.41
365,Novokruchininskiy,RU,2022-06-15 04:40:49,51.7833,113.7667,79.61,27,33,8.59
366,Tual,ID,2022-06-15 04:40:49,-5.6667,132.75,81.66,77,99,18.5
367,Yamada,JP,2022-06-15 04:40:50,39.4667,141.95,59.4,90,100,9.44
368,Iquitos,PE,2022-06-15 04:40:50,-3.7481,-73.2472,68.04,100,0,2.3
369,Lawrenceburg,US,2022-06-15 04:40:50,38.0373,-84.8966,81.54,86,0,4.61
370,La Romana,DO,2022-06-15 04:40:51,18.4273,-68.9728,75.45,86,98,6.73
371,Saint-Augustin,CA,2022-06-15 04:40:51,51.226,-58.6502,48.43,70,64,7.61
372,Broken Hill,AU,2022-06-15 04:40:51,-31.95,141.4333,62.89,52,2,19.48
373,Ingham,US,2022-06-15 04:40:52,42.6,-84.3833,74.97,93,0,10.36
374,Northam,GB,2022-06-15 04:40:52,51.0333,-4.2167,50.65,84,44,2.77
375,Gouyave,GD,2022-06-15 04:40:52,12.1646,-61.7296,75.97,94,75,6.91
376,Ilinskiy,RU,2022-06-15 04:40:53,55.619,38.1182,58.71,72,0,11.01
377,Estelle,US,2022-06-15 04:40:53,29.8458,-90.1067,85.98,75,53,5.19
378,Kaeo,NZ,2022-06-15 04:40:53,-35.1,173.7833,60.33,80,14,8.03
379,Marzuq,YE,2022-06-15 04:40:54,14.4,46.4667,85.8,23,10,1.43
380,Dodge City,US,2022-06-15 04:37:07,37.7528,-100.0171,83.25,52,0,20.71
381,Stornoway,GB,2022-06-15 04:40:54,58.2093,-6.3865,51.93,94,100,20.71
382,Chimore,BO,2022-06-15 04:40:55,-16.9833,-65.1333,56.89,84,0,1.9
383,Kalmunai,LK,2022-06-15 04:40:55,7.4167,81.8167,85.78,67,100,4.36
384,Finote Selam,ET,2022-06-15 04:40:55,10.7,37.2667,65.08,68,58,1.34
385,Yongan,CN,2022-06-15 04:40:56,39.6957,113.6871,75.76,30,71,5.55
386,Omsukchan,RU,2022-06-15 04:40:56,62.5333,155.8,60.66,35,100,4.43
387,Baker City,US,2022-06-15 04:40:56,44.7749,-117.8344,48.18,71,0,5.75
388,Chumikan,RU,2022-06-15 04:40:57,54.7183,135.315,37.36,99,100,3.94
389,Norman,US,2022-06-15 04:40:57,35.2226,-97.4395,84.94,60,0,20.71
390,Turukhansk,RU,2022-06-15 04:40:57,65.8167,87.9833,73.29,47,93,3.96
391,Kostino,RU,2022-06-15 04:40:58,58.9097,53.2691,66.4,69,86,4.0
392,Gillette,US,2022-06-15 04:40:58,44.2911,-105.5022,48.11,56,0,8.05
393,Dalbandin,PK,2022-06-15 04:40:58,28.8947,64.4101,103.3,8,8,5.53
394,Turka,UA,2022-06-15 04:40:59,49.1541,23.0297,52.81,72,16,1.21
395,Dharampuri,IN,2022-06-15 04:40:11,22.1667,75.35,92.19,48,27,8.63
396,Kikwit,CD,2022-06-15 04:40:59,-5.041,18.8162,70.41,65,90,1.03
397,Ankara,TR,2022-06-15 04:40:59,39.9199,32.8543,62.2,88,0,1.14
398,Port Lincoln,AU,2022-06-15 04:41:00,-34.7333,135.8667,61.68,68,10,19.57
399,Mus,TR,2022-06-15 04:41:00,39.0,41.75,57.24,58,26,3.18
400,Eseka,CM,2022-06-15 04:41:00,3.65,10.7667,70.99,99,95,0.78
401,Daru,PG,2022-06-15 04:41:01,-9.0763,143.2092,80.55,87,17,14.94
402,Inongo,CD,2022-06-15 04:41:01,-1.95,18.2667,68.97,89,95,3.2
403,Geraldton,AU,2022-06-15 04:39:53,-28.7667,114.6,66.9,49,21,1.72
404,Sakaraha,MG,2022-06-15 04:41:01,-22.9,44.5333,64.85,62,0,6.58
405,Mitu,CO,2022-06-15 04:40:00,1.1983,-70.1733,69.42,93,98,0.69
406,Gospic,HR,2022-06-15 04:41:02,44.5461,15.3747,64.09,72,2,4.63
407,Arica,CL,2022-06-15 04:41:02,-18.475,-70.3042,61.03,77,100,3.44
408,Ixtapa,MX,2022-06-15 04:41:03,20.7,-105.2,81.63,78,75,8.05
409,Ortigueira,BR,2022-06-15 04:41:03,-24.2083,-50.9494,49.1,90,81,3.13
410,Pozo Colorado,PY,2022-06-15 04:41:03,-23.4923,-58.7972,52.11,65,0,5.5
411,Omboue,GA,2022-06-15 04:41:04,-1.5746,9.2618,72.43,92,44,7.14
412,Severodvinsk,RU,2022-06-15 04:42:04,64.5635,39.8302,64.51,68,98,9.42
413,Akyab,MM,2022-06-15 04:42:04,20.15,92.9,83.64,77,100,8.59
414,Mvuma,ZW,2022-06-15 04:42:05,-19.2792,30.5283,46.87,63,0,4.59
415,Quatre Cocos,MU,2022-06-15 04:42:05,-20.2078,57.7625,73.09,74,15,14.67
416,Ulaanbaatar,MN,2022-06-15 04:42:05,47.9077,106.8832,75.33,35,40,4.47
417,Bowen,AU,2022-06-15 04:42:06,-20.0167,148.2333,75.24,62,41,14.7
418,Balykshi,KZ,2022-06-15 04:42:06,47.0667,51.8667,77.0,33,0,11.18
419,Russell,US,2022-06-15 04:42:06,32.3502,-85.1999,75.0,94,0,0.0
420,Ballina,AU,2022-06-15 04:42:07,-28.8667,153.5667,72.79,62,1,3.65
421,Mortka,RU,2022-06-15 04:42:07,59.3322,66.0214,67.3,52,98,6.62
422,Hofn,IS,2022-06-15 04:42:08,64.2539,-15.2082,49.08,70,72,7.18
423,Makakilo City,US,2022-06-15 04:42:08,21.3469,-158.0858,79.12,61,0,14.97
424,Solnechnyy,RU,2022-06-15 04:42:08,50.7214,136.6319,81.28,25,73,11.43
425,Abbeville,FR,2022-06-15 04:37:24,50.1,1.8333,56.5,68,28,4.74
426,Mizur,RU,2022-06-15 04:42:09,42.8531,44.0531,65.19,72,83,1.21
427,Berlevag,NO,2022-06-15 04:42:09,70.8578,29.0864,41.0,87,100,5.75
428,Buchanan,LR,2022-06-15 04:42:09,5.8808,-10.0467,77.52,83,95,8.1
429,Mayo,US,2022-06-15 04:42:10,38.8876,-76.5119,72.09,93,0,0.0
430,Mahibadhoo,MV,2022-06-15 04:42:10,3.7833,72.9667,83.26,72,15,8.88
431,Arinos,BR,2022-06-15 04:42:10,-15.9169,-46.1056,66.0,78,100,3.58
432,Milkovo,RU,2022-06-15 04:42:11,54.7167,158.6167,62.47,45,40,0.63
433,Lata,PT,2022-06-15 04:42:11,40.1629,-8.3327,63.07,75,40,1.81
434,Zyryanovsk,KZ,2022-06-15 04:42:12,49.7386,84.2719,72.28,71,13,0.43
435,Carutapera,BR,2022-06-15 04:42:12,-1.195,-46.02,75.33,85,10,7.09
436,Gorbehaza,HU,2022-06-15 04:42:12,47.8333,21.2333,57.38,53,58,6.69
437,Thinadhoo,MV,2022-06-15 04:42:13,0.5333,72.9333,83.89,68,43,6.98
438,Abu Dhabi,AE,2022-06-15 04:40:07,24.4667,54.3667,96.91,60,0,2.3
439,Kieta,PG,2022-06-15 04:42:13,-6.2167,155.6333,84.33,70,24,5.57
440,Khandbari,NP,2022-06-15 04:42:14,27.3747,87.2039,84.04,62,82,5.01
441,Luena,AO,2022-06-15 04:42:14,-11.7833,19.9167,50.18,61,70,2.44
442,Esmeraldas,BR,2022-06-15 04:42:14,-19.7625,-44.3139,59.86,74,100,3.44
443,Harqalah,TN,2022-06-15 04:42:16,36.0303,10.509,67.86,72,0,2.3
444,Sambava,MG,2022-06-15 04:42:16,-14.2667,50.1667,73.13,77,35,8.41
445,Stillwater,US,2022-06-15 04:40:43,36.1156,-97.0584,84.47,66,0,18.41
446,Warrnambool,AU,2022-06-15 04:42:17,-38.3833,142.4833,56.8,83,99,17.69
447,Isiolo,KE,2022-06-15 04:42:17,0.3546,37.5822,69.12,61,3,3.98
448,Boa Vista,BR,2022-06-15 04:42:17,2.8197,-60.6733,75.18,88,100,5.75
449,Korla,CN,2022-06-15 04:42:18,41.7597,86.1469,97.54,8,45,15.75
450,Cocobeach,GA,2022-06-15 04:42:18,1.0002,9.5823,75.18,85,100,9.33
451,Coihaique,CL,2022-06-15 04:42:18,-45.5752,-72.0662,35.55,93,0,8.05
452,Kyzyl-Suu,KG,2022-06-15 04:42:19,42.3414,78.0056,64.65,59,89,5.55
453,Roswell,US,2022-06-15 04:42:19,34.0232,-84.3616,82.27,86,0,3.44
454,Kousseri,CM,2022-06-15 04:42:19,12.0769,15.0306,85.62,44,44,5.14
455,Damghan,IR,2022-06-15 04:42:20,36.1683,54.348,85.82,24,0,2.51
456,Tyulgan,RU,2022-06-15 04:43:20,52.3405,56.166,67.17,60,1,1.43
457,Jiwani,PK,2022-06-15 04:43:21,25.05,61.7417,83.71,78,14,8.28
458,Revelstoke,CA,2022-06-15 04:40:08,50.9832,-118.2023,53.62,82,100,6.91
459,Tongren,CN,2022-06-15 04:43:21,27.7172,109.1853,90.57,44,98,3.04
460,Buala,SB,2022-06-15 04:43:22,-8.145,159.5921,82.92,77,82,9.62
461,Sarany,RU,2022-06-15 04:43:22,58.5,58.8833,67.19,54,62,8.55
462,Muravlenko,RU,2022-06-15 04:43:23,63.7898,74.523,59.83,81,100,16.78
463,Agirish,RU,2022-06-15 04:43:23,61.9247,63.0231,69.12,36,80,9.73
464,Christchurch,NZ,2022-06-15 04:43:21,-43.5333,172.6333,52.32,61,39,16.11
465,Paita,PE,2022-06-15 04:43:23,-5.0892,-81.1144,63.0,81,51,12.24
466,Gilbues,BR,2022-06-15 04:43:24,-9.8317,-45.3439,72.19,51,36,6.46
467,Joshimath,IN,2022-06-15 04:43:24,30.5667,79.5667,84.54,26,0,8.12
468,Balabac,PH,2022-06-15 04:43:24,7.9868,117.0645,86.34,67,60,12.19
469,Alamo,MX,2022-06-15 04:43:25,20.9167,-97.6833,74.55,95,55,2.04
470,Bud,US,2022-06-15 04:43:25,39.447,-86.1758,84.18,84,0,8.39
471,Fort Nelson,CA,2022-06-15 04:43:25,58.8053,-122.7002,67.59,32,75,6.91
472,Hambantota,LK,2022-06-15 04:43:26,6.1241,81.1185,88.14,74,20,10.36
473,Salinas,US,2022-06-15 04:43:26,36.6777,-121.6555,65.48,64,0,13.8
474,Suar,IN,2022-06-15 04:43:26,29.0333,79.05,105.64,21,10,14.47
475,Wolfville,CA,2022-06-15 04:43:27,45.0835,-64.3655,55.96,96,100,5.99
476,Lensk,RU,2022-06-15 04:43:27,60.7253,114.9278,80.83,18,40,6.24
477,Riohacha,CO,2022-06-15 04:42:29,11.5444,-72.9072,76.53,87,100,6.78
478,Inta,RU,2022-06-15 04:43:28,66.0317,60.1659,57.88,77,100,6.91
479,Abonnema,NG,2022-06-15 04:43:28,4.7084,6.7931,75.15,91,100,3.36
480,Kingsport,US,2022-06-15 04:40:23,36.5484,-82.5618,80.11,94,75,1.01
481,Alabaster,US,2022-06-15 04:43:28,33.2443,-86.8164,81.88,83,0,3.44
482,Falmouth,GB,2022-06-15 04:43:29,50.1544,-5.0711,54.5,87,0,6.91
483,Sulya,IN,2022-06-15 04:43:29,12.5667,75.3833,86.04,69,96,2.68
484,Luganville,VU,2022-06-15 04:43:29,-15.5333,167.1667,80.37,83,48,10.74
485,Asau,RO,2022-06-15 04:43:30,46.4333,26.4,56.32,67,60,1.36
486,Brokopondo,SR,2022-06-15 04:43:30,4.75,-55.1667,75.45,89,34,6.22
487,Husavik,IS,2022-06-15 04:43:30,66.0449,-17.3389,48.88,82,90,1.16
488,Saint-Pierre,RE,2022-06-15 04:43:31,-21.3393,55.4781,71.28,56,0,8.05
489,Oil City,US,2022-06-15 04:43:31,41.4339,-79.7064,72.64,96,0,0.0
490,Ranong,TH,2022-06-15 04:43:31,9.9658,98.6348,85.93,72,99,3.11
491,Matanzas,CU,2022-06-15 04:43:32,23.0411,-81.5775,77.76,100,0,4.61
492,Ardakan,IR,2022-06-15 04:43:32,32.31,54.0175,92.01,8,0,10.87
493,Labuhan,ID,2022-06-15 04:43:32,-6.8844,112.2051,86.0,69,92,8.88
494,Pierre,US,2022-06-15 04:43:33,44.3683,-100.351,66.85,65,0,5.99
495,Poronaysk,RU,2022-06-15 04:43:33,49.2167,143.1167,73.45,50,23,6.64
496,Breves,BR,2022-06-15 04:43:33,-1.6822,-50.4803,71.33,98,34,3.4
497,Sayansk,RU,2022-06-15 04:40:56,54.1088,102.1648,78.44,43,99,6.96
498,Alampur,IN,2022-06-15 04:43:34,15.8833,78.15,91.2,40,100,14.03
499,La Ronge,CA,2022-06-15 04:43:34,55.1001,-105.2842,61.02,94,100,18.41
500,Nemuro,JP,2022-06-15 04:43:34,43.3236,145.575,54.81,78,79,18.32
501,Barda,AZ,2022-06-15 04:43:35,40.3744,47.1267,74.48,53,13,11.18
502,Mayumba,GA,2022-06-15 04:43:35,-3.432,10.6554,71.04,91,66,6.22
503,Sao Joao Da Barra,BR,2022-06-15 04:43:00,-21.6403,-41.0511,63.59,74,89,5.28
504,Karaton,ID,2022-06-15 04:44:36,-6.3424,106.1045,86.52,62,83,3.51
505,Serro,BR,2022-06-15 04:44:36,-18.6047,-43.3794,52.95,95,99,1.12
506,Mangrol,IN,2022-06-15 04:44:36,21.1167,70.1167,88.12,65,41,12.06
507,Maglie,IT,2022-06-15 04:44:37,40.1184,18.2989,70.48,88,0,2.3
508,Callaguip,PH,2022-06-15 04:44:37,18.0714,120.4867,87.82,74,40,8.05
509,Mikuni,JP,2022-06-15 04:44:37,36.2171,136.1519,75.11,83,100,6.26
510,Bulolo,PG,2022-06-15 04:44:38,-7.2,146.65,85.15,47,56,4.21
511,Hutchinson,US,2022-06-15 04:44:38,38.0608,-97.9298,81.59,68,0,17.27
512,Hualmay,PE,2022-06-15 04:44:38,-11.0964,-77.6139,60.87,81,30,9.8
513,Ciudad Bolivar,VE,2022-06-15 04:44:39,8.1222,-63.5497,73.94,91,85,5.46
514,Ati,TD,2022-06-15 04:44:39,13.2154,18.3353,83.5,45,100,13.35
515,Marsh Harbour,BS,2022-06-15 04:44:39,26.5412,-77.0636,80.4,79,5,11.14
516,Qarqin,AF,2022-06-15 04:44:40,37.4185,66.0436,100.63,10,30,4.99
517,Konin,PL,2022-06-15 04:44:40,52.2234,18.2512,53.51,74,93,7.4
518,Luanda,AO,2022-06-15 04:42:30,-8.8368,13.2343,68.0,88,20,4.61
519,Dingle,PH,2022-06-15 04:44:40,10.9995,122.6711,89.62,60,36,6.4
520,Kandrian,PG,2022-06-15 04:44:41,-6.2167,149.55,84.25,70,43,8.59
521,Disna,BY,2022-06-15 04:44:41,55.568,28.1971,51.21,92,100,15.14
522,Gorontalo,ID,2022-06-15 04:44:41,0.5412,123.0595,85.64,71,94,3.76
523,Nouakchott,MR,2022-06-15 04:44:42,18.0858,-15.9785,73.33,86,85,11.1
524,Mount Gambier,AU,2022-06-15 04:44:42,-37.8333,140.7667,57.11,88,40,20.71
525,Taltal,CL,2022-06-15 04:44:43,-25.4,-70.4833,55.81,81,100,2.95
526,Abay,KZ,2022-06-15 04:44:43,49.6311,72.8539,66.58,46,18,12.06
527,Nchelenge,ZM,2022-06-15 04:44:43,-9.3451,28.734,62.71,63,0,5.32
528,Mazara Del Vallo,IT,2022-06-15 04:44:44,37.6641,12.588,76.93,58,0,4.43
529,Awbari,LY,2022-06-15 04:44:44,26.5921,12.7805,74.44,26,7,6.69
530,Aklavik,CA,2022-06-15 04:44:44,68.2191,-135.0107,58.8,39,24,11.5
531,Broome,US,2022-06-15 04:44:45,42.2506,-75.833,61.47,80,0,1.01
532,Yar-Sale,RU,2022-06-15 04:44:45,66.8333,70.8333,62.8,43,80,14.0
533,Helong,CN,2022-06-15 04:44:45,42.5397,128.9972,58.82,71,100,4.14
534,Rundu,NA,2022-06-15 04:44:46,-17.9333,19.7667,48.51,44,0,5.75
535,Yenagoa,NG,2022-06-15 04:44:46,4.9247,6.2642,74.28,94,100,3.18
536,Khadro,PK,2022-06-15 04:44:46,26.1472,68.7176,89.64,42,2,17.27
537,Mudhol,IN,2022-06-15 04:44:47,16.35,75.2833,86.09,47,97,12.03
538,Axim,GH,2022-06-15 04:44:47,4.8699,-2.2405,77.45,86,100,9.73
539,Luoyang,CN,2022-06-15 04:44:47,34.6836,112.4536,98.82,14,0,6.87
540,San Quintin,MX,2022-06-15 04:44:48,30.4833,-115.95,61.07,88,0,3.47
541,Itoman,JP,2022-06-15 04:44:48,26.1247,127.6694,83.17,81,75,14.97
542,Ipora,BR,2022-06-15 04:44:49,-16.4419,-51.1178,64.42,81,45,4.0
543,Myitkyina,MM,2022-06-15 04:44:49,25.3833,97.4,74.14,99,100,0.76
544,Blagoyevo,RU,2022-06-15 04:44:49,63.3667,47.9167,69.13,51,35,3.47
545,Uarini,BR,2022-06-15 04:44:49,-2.99,-65.1083,68.88,100,39,1.86
546,Adrar,MR,2022-06-15 04:45:50,20.5022,-10.0711,87.01,34,33,9.8
547,Strenci,LV,2022-06-15 04:45:50,57.6257,25.6854,55.17,85,95,10.76
548,Sayhat,SA,2022-06-15 04:45:50,26.4852,50.0405,91.6,18,0,3.2
549,Xuddur,SO,2022-06-15 04:45:51,4.1213,43.8894,75.07,61,28,19.93
550,Boguchany,RU,2022-06-15 04:45:51,58.3814,97.4531,86.45,32,57,4.36
551,Thayetmyo,MM,2022-06-15 04:45:51,19.3167,95.1833,95.99,43,100,8.41
552,Morehead,US,2022-06-15 04:43:30,37.2711,-87.1764,80.78,91,0,0.0
553,General Roca,AR,2022-06-15 04:45:52,-39.0333,-67.5833,43.63,62,7,4.9
554,Saint-Paul,RE,2022-06-15 04:45:52,-21.0096,55.2707,73.49,67,4,2.48
555,Limulunga,ZM,2022-06-15 04:45:53,-15.0969,23.1376,53.67,58,1,3.18
556,Mangan,IN,2022-06-15 04:45:53,27.5167,88.5333,79.54,88,97,2.91
