,City,Lat,Lng,Max Temp,Humidity,Cloudiness,Wind Speed,Country,Date,Current Description
0,Ionia,42.9873,-85.0711,91.6,46,0,12.66,US,2022-06-15 23:03:47,clear sky
1,Samarai,-10.6167,150.6667,82.63,79,75,10.4,PG,2022-06-15 23:03:47,broken clouds
2,Cusuna,15.85,-85.2333,81.25,73,99,8.32,HN,2022-06-15 23:03:47,overcast clouds
3,Krasnoarmeysk,51.0239,45.6969,62.51,82,94,7.99,RU,2022-06-15 23:03:48,overcast clouds
4,Pevek,69.7008,170.3133,35.11,78,6,5.73,RU,2022-06-15 23:03:48,clear sky
5,Vaini,-21.2,-175.2,80.76,74,75,6.91,TO,2022-06-15 23:03:48,broken clouds
6,Cape Town,-33.9258,18.4232,57.38,67,3,5.01,ZA,2022-06-15 23:02:30,clear sky
7,Makakilo City,21.3469,-158.0858,83.01,63,75,12.66,US,2022-06-15 22:58:58,broken clouds
8,Bilma,18.6853,12.9164,90.48,31,61,6.13,NE,2022-06-15 23:03:49,broken clouds
9,Barkly West,-28.5354,24.5215,40.28,49,3,8.75,ZA,2022-06-15 23:03:49,clear sky
10,Tommot,58.9564,126.2925,61.29,63,0,2.48,RU,2022-06-15 23:03:50,clear sky
11,Mataura,-46.1927,168.8643,47.48,92,97,7.43,NZ,2022-06-15 23:03:51,light rain
12,Ushuaia,-54.8,-68.3,39.07,79,100,9.17,AR,2022-06-15 23:03:51,overcast clouds
13,Araouane,18.9048,-3.5265,93.29,21,17,5.17,ML,2022-06-15 23:03:51,few clouds
14,Teguise,29.0605,-13.564,66.42,73,20,13.8,ES,2022-06-15 22:59:24,few clouds
15,Olafsvik,64.8945,-23.7142,48.31,73,41,15.3,IS,2022-06-15 23:03:52,scattered clouds
16,Kiama,-34.6833,150.8667,61.57,66,69,5.88,AU,2022-06-15 23:03:52,light rain
17,Hilo,19.7297,-155.09,82.27,73,40,10.36,US,2022-06-15 23:03:53,scattered clouds
18,Port Alfred,-33.5906,26.891,53.49,73,71,18.77,ZA,2022-06-15 23:03:53,light rain
19,Gamba,-2.65,10.0,72.32,89,71,5.61,GA,2022-06-15 23:03:53,broken clouds
20,Hofn,64.2539,-15.2082,49.71,80,25,15.39,IS,2022-06-15 23:03:13,scattered clouds
21,Puerto Escondido,15.85,-97.0667,79.63,61,100,9.22,MX,2022-06-15 23:03:54,overcast clouds
22,Bredasdorp,-34.5322,20.0403,46.06,79,8,3.44,ZA,2022-06-15 23:03:54,clear sky
23,Frata,46.7,24.05,54.48,79,6,0.51,RO,2022-06-15 23:03:54,clear sky
24,Saint-Denis,48.9167,2.3333,74.14,54,0,9.22,FR,2022-06-15 23:03:55,clear sky
25,Albany,42.6001,-73.9662,78.67,53,86,2.57,US,2022-06-15 23:01:43,overcast clouds
26,Sao Joao Da Barra,-21.6403,-41.0511,67.57,75,99,7.47,BR,2022-06-15 23:02:21,overcast clouds
27,Cumbitara,1.6517,-77.5823,60.44,94,77,3.6,CO,2022-06-15 23:03:55,light rain
28,Tiksi,71.6872,128.8694,36.79,75,47,13.51,RU,2022-06-15 23:03:56,scattered clouds
29,Arraial Do Cabo,-22.9661,-42.0278,68.72,70,32,10.76,BR,2022-06-15 23:03:56,scattered clouds
30,Deputatskiy,69.3,139.9,56.97,47,72,6.31,RU,2022-06-15 23:03:57,broken clouds
31,Saint George,37.1041,-113.5841,98.44,7,0,3.0,US,2022-06-15 23:00:25,clear sky
32,Tapejara,-28.0681,-52.0139,52.29,87,4,1.19,BR,2022-06-15 23:03:57,clear sky
33,Pisco,-13.7,-76.2167,63.01,77,0,16.11,PE,2022-06-15 23:03:57,smoke
34,Busselton,-33.65,115.3333,61.23,84,5,8.5,AU,2022-06-15 23:03:58,clear sky
35,Dingle,10.9995,122.6711,80.67,83,69,4.0,PH,2022-06-15 23:03:58,broken clouds
36,Provideniya,64.3833,-173.3,39.36,100,100,13.42,RU,2022-06-15 23:03:58,light rain
37,Udachnyy,66.4167,112.4,57.25,60,43,13.44,RU,2022-06-15 23:03:59,scattered clouds
38,Luba,3.4568,8.5547,78.6,86,63,10.31,GQ,2022-06-15 23:03:59,light rain
39,Roma,43.2128,-75.4557,84.34,45,0,5.75,US,2022-06-15 23:01:38,clear sky
40,Igrim,63.1906,64.4162,54.59,80,41,5.32,RU,2022-06-15 23:03:59,scattered clouds
41,Ribeira Grande,38.5167,-28.7,65.05,90,12,5.44,PT,2022-06-15 23:04:00,few clouds
42,Atuona,-9.8,-139.0333,78.19,69,38,20.13,PF,2022-06-15 23:00:37,scattered clouds
43,Talnakh,69.4865,88.3972,65.21,51,77,6.58,RU,2022-06-15 23:04:00,broken clouds
44,Edeia,-17.3383,-49.9314,75.63,58,69,2.26,BR,2022-06-15 23:04:01,broken clouds
45,Lagoa,39.05,-27.9833,63.39,86,38,6.71,PT,2022-06-15 23:04:01,scattered clouds
46,Pangnirtung,66.1451,-65.7125,39.11,99,100,3.83,CA,2022-06-15 23:02:55,overcast clouds
47,Cayenne,4.9333,-52.3333,82.09,5,20,1.01,GF,2022-06-15 23:03:51,few clouds
48,Port Augusta,-32.5,137.7667,53.15,85,1,0.72,AU,2022-06-15 23:02:36,clear sky
49,Cidreira,-30.1811,-50.2056,59.32,81,4,3.18,BR,2022-06-15 23:05:02,clear sky
50,Sheltozero,61.3667,35.3667,50.07,97,82,8.77,RU,2022-06-15 23:05:02,broken clouds
51,Aripuana,-9.1667,-60.6333,78.31,73,98,0.92,BR,2022-06-15 23:05:02,overcast clouds
52,Areosa,41.7178,-8.8571,65.44,93,88,2.13,PT,2022-06-15 23:05:03,overcast clouds
53,Tuatapere,-46.1333,167.6833,48.11,90,90,7.7,NZ,2022-06-15 23:05:03,light rain
54,Rikitea,-23.1203,-134.9692,72.75,70,55,6.73,PF,2022-06-15 23:05:03,broken clouds
55,Qaanaaq,77.484,-69.3632,29.95,79,67,1.52,GL,2022-06-15 23:05:04,broken clouds
56,Yellowknife,62.456,-114.3525,64.92,45,75,8.05,CA,2022-06-15 23:01:44,light intensity shower rain
57,Grand Gaube,-20.0064,57.6608,74.37,65,22,10.0,MU,2022-06-15 23:05:04,few clouds
58,Esperance,-33.8667,121.9,54.7,71,0,9.22,AU,2022-06-15 23:05:05,clear sky
59,Severodvinsk,64.5635,39.8302,59.11,99,83,6.55,RU,2022-06-15 23:05:05,broken clouds
60,Bengkulu,-3.8004,102.2655,74.52,89,100,3.83,ID,2022-06-15 23:05:05,overcast clouds
61,Port Elizabeth,-33.918,25.5701,50.09,89,78,5.99,ZA,2022-06-15 23:05:06,broken clouds
62,Saint Anthony,45.0205,-93.218,75.25,61,0,9.22,US,2022-06-15 23:05:06,clear sky
63,Khandagayty,50.7333,92.05,61.7,65,40,3.02,RU,2022-06-15 23:05:06,scattered clouds
64,Portland,45.5234,-122.6762,73.47,53,75,4.61,US,2022-06-15 23:04:52,broken clouds
65,Puerto Ayora,-0.7393,-90.3518,72.55,89,42,11.01,EC,2022-06-15 23:05:07,scattered clouds
66,Ancud,-41.8697,-73.8203,46.22,88,39,3.62,CL,2022-06-15 23:05:07,scattered clouds
67,Broken Hill,-31.95,141.4333,52.03,79,5,9.73,AU,2022-06-15 23:05:07,clear sky
68,Iqaluit,63.7506,-68.5145,52.7,66,70,15.99,CA,2022-06-15 23:03:25,broken clouds
69,Faanui,-16.4833,-151.75,80.8,70,13,17.25,PF,2022-06-15 23:02:39,few clouds
70,Kyotera,-0.6156,31.5175,63.75,77,9,3.22,UG,2022-06-15 23:05:08,clear sky
71,Santa Fe,-31.6333,-60.7,62.98,69,100,1.01,AR,2022-06-15 23:02:39,light rain
72,Novita,4.9551,-76.6053,75.56,95,91,2.57,CO,2022-06-15 23:05:09,overcast clouds
73,New Norfolk,-42.7826,147.0587,45.72,93,97,1.01,AU,2022-06-15 23:05:09,overcast clouds
74,Punta Arenas,-53.15,-70.9167,44.11,65,100,23.98,CL,2022-06-15 23:02:26,overcast clouds
75,Airai,-8.9266,125.4092,60.75,86,99,4.41,TL,2022-06-15 23:05:09,overcast clouds
76,Lompoc,34.6391,-120.4579,91.02,61,0,21.0,US,2022-06-15 23:05:10,clear sky
77,Mar Del Plata,-38.0023,-57.5575,50.09,92,82,0.0,AR,2022-06-15 23:05:10,fog
78,Dongning,44.0622,131.1207,62.71,73,72,3.58,CN,2022-06-15 23:05:10,broken clouds
79,Souillac,-20.5167,57.5167,71.49,78,27,16.35,MU,2022-06-15 23:01:16,scattered clouds
80,Hermanus,-34.4187,19.2345,42.8,71,6,8.68,ZA,2022-06-15 23:05:11,clear sky
81,Buala,-8.145,159.5921,82.27,77,96,9.8,SB,2022-06-15 23:05:11,light rain
82,Paragominas,-2.9667,-47.4833,72.37,76,85,4.54,BR,2022-06-15 23:02:05,overcast clouds
83,Bighapur,26.35,80.6833,92.07,48,92,14.09,IN,2022-06-15 23:05:12,overcast clouds
84,Puerto Ayacucho,5.6639,-67.6236,76.77,86,91,0.58,VE,2022-06-15 23:05:12,overcast clouds
85,Torbay,47.6666,-52.7314,48.88,72,100,3.0,CA,2022-06-15 23:05:12,overcast clouds
86,Kugulta,45.3636,42.3889,64.98,92,100,9.78,RU,2022-06-15 23:05:13,overcast clouds
87,Saskylakh,71.9167,114.0833,46.67,44,29,5.99,RU,2022-06-15 23:05:13,scattered clouds
88,Dovolnoye,54.4958,79.6671,51.33,96,7,7.14,RU,2022-06-15 23:05:13,clear sky
89,Butterworth,5.3991,100.3638,77.05,96,40,4.61,MY,2022-06-15 23:05:14,scattered clouds
90,Dicabisagan,17.0818,122.4157,82.33,76,100,4.54,PH,2022-06-15 23:05:14,light rain
91,Kibaek,56.0317,8.857,50.77,95,86,6.71,DK,2022-06-15 23:05:14,overcast clouds
92,Paamiut,61.994,-49.6678,36.99,86,8,18.59,GL,2022-06-15 23:02:06,clear sky
93,Tuktoyaktuk,69.4541,-133.0374,38.88,71,56,13.87,CA,2022-06-15 23:05:15,broken clouds
94,Ahipara,-35.1667,173.1667,61.0,59,50,7.72,NZ,2022-06-15 23:06:15,scattered clouds
95,Gushikawa,26.3544,127.8686,76.23,97,100,12.66,JP,2022-06-15 23:06:15,heavy intensity rain
96,Georgetown,5.4112,100.3354,76.95,96,40,4.61,MY,2022-06-15 23:06:16,scattered clouds
97,Kapaa,22.0752,-159.319,84.18,74,20,17.27,US,2022-06-15 23:04:48,few clouds
98,Sinnamary,5.3833,-52.95,77.25,85,39,8.21,GF,2022-06-15 23:02:16,scattered clouds
99,Tigil,57.8,158.6667,57.4,61,100,0.83,RU,2022-06-15 23:06:16,overcast clouds
100,Sur,22.5667,59.5289,86.81,66,15,10.33,OM,2022-06-15 23:02:10,few clouds
101,Den Helder,52.9599,4.7593,62.98,63,100,9.22,NL,2022-06-15 23:06:17,overcast clouds
102,Nikolskoye,59.7035,30.7861,57.79,89,86,10.6,RU,2022-06-15 23:04:43,overcast clouds
103,Hasaki,35.7333,140.8333,68.29,88,100,3.31,JP,2022-06-15 23:06:17,overcast clouds
104,Jamestown,42.097,-79.2353,81.99,87,100,7.45,US,2022-06-15 23:03:06,overcast clouds
105,Odweyne,9.4092,45.064,76.23,47,30,17.81,SO,2022-06-15 23:06:18,scattered clouds
106,Cabo San Lucas,22.8909,-109.9124,95.61,37,0,8.05,MX,2022-06-15 23:05:14,clear sky
107,Palm Coast,29.585,-81.2078,92.1,75,0,8.05,US,2022-06-15 23:01:25,clear sky
108,Port Keats,-14.25,129.55,70.05,28,56,9.66,AU,2022-06-15 23:06:18,broken clouds
109,Thompson,55.7435,-97.8558,73.54,27,13,14.03,CA,2022-06-15 23:06:19,few clouds
110,East London,-33.0153,27.9116,54.39,64,30,19.77,ZA,2022-06-15 23:05:50,scattered clouds
111,Pulandian,39.3953,121.9669,67.12,67,3,4.59,CN,2022-06-15 23:06:19,clear sky
112,Altamira,-3.2033,-52.2064,73.4,82,72,2.64,BR,2022-06-15 23:06:19,broken clouds
113,Bardiyah,31.7561,25.0865,73.29,79,0,7.2,LY,2022-06-15 23:06:20,clear sky
114,Katsuura,35.1333,140.3,68.22,89,100,3.29,JP,2022-06-15 23:06:20,overcast clouds
115,Severo-Kurilsk,50.6789,156.125,48.22,79,87,10.74,RU,2022-06-15 23:04:22,overcast clouds
116,Tome,-36.6167,-72.95,50.61,89,15,2.68,CL,2022-06-15 23:06:21,few clouds
117,Geraldton,-28.7667,114.6,59.41,94,75,10.36,AU,2022-06-15 23:06:21,broken clouds
118,Thanh Hoa,19.8,105.7667,77.92,91,100,2.62,VN,2022-06-15 23:06:21,overcast clouds
119,North Battleford,52.7834,-108.2847,55.4,91,100,23.44,CA,2022-06-15 23:06:22,overcast clouds
120,Tucuma,-0.1833,-50.05,77.0,81,90,7.23,BR,2022-06-15 23:06:22,overcast clouds
121,Ilhabela,-23.7781,-45.3581,64.67,86,44,8.95,BR,2022-06-15 23:06:22,scattered clouds
122,Kotagiri,11.4333,76.8833,59.7,82,100,2.53,IN,2022-06-15 23:06:23,overcast clouds
123,Resistencia,-27.4606,-58.9839,66.18,69,0,8.05,AR,2022-06-15 23:06:23,clear sky
124,Cabra,37.4725,-4.4421,74.84,54,82,1.79,ES,2022-06-15 23:06:24,broken clouds
125,Jining,35.405,116.5814,78.17,52,16,9.46,CN,2022-06-15 23:06:24,few clouds
126,Saint-Augustin,51.226,-58.6502,66.18,51,75,8.57,CA,2022-06-15 23:06:24,broken clouds
127,Cherskiy,68.75,161.3,60.85,24,4,9.98,RU,2022-06-15 23:06:09,clear sky
128,Hobart,-42.8794,147.3294,46.06,96,75,4.61,AU,2022-06-15 23:06:25,broken clouds
129,Mehamn,71.0357,27.8492,40.91,89,100,13.58,NO,2022-06-15 23:06:25,overcast clouds
130,Castro,-24.7911,-50.0119,52.92,88,37,2.73,BR,2022-06-15 23:02:14,scattered clouds
131,Vao,-22.6667,167.4833,73.65,83,100,21.88,NC,2022-06-15 23:06:25,overcast clouds
132,Khatanga,71.9667,102.5,59.29,42,99,10.02,RU,2022-06-15 23:01:26,overcast clouds
133,Krasnoselkup,65.7,82.4667,61.68,82,100,4.9,RU,2022-06-15 23:06:26,light rain
134,Namikupa,-10.8333,39.6,64.45,99,3,0.81,TZ,2022-06-15 23:06:26,clear sky
135,Kulhudhuffushi,6.6221,73.07,82.74,75,100,11.52,MV,2022-06-15 23:06:26,overcast clouds
136,Levelland,33.5873,-102.378,97.2,20,51,19.08,US,2022-06-15 23:06:27,broken clouds
137,Kanniyakumari,8.0833,77.5667,80.29,79,100,15.1,IN,2022-06-15 23:06:27,overcast clouds
138,Nishihara,26.1842,127.7558,76.28,94,100,19.57,JP,2022-06-15 23:07:28,heavy intensity rain
139,Mount Gambier,-37.8333,140.7667,53.51,94,100,6.91,AU,2022-06-15 23:07:28,overcast clouds
140,Lima,-12.0432,-77.0282,62.38,79,0,13.8,PE,2022-06-15 23:07:10,clear sky
141,Richards Bay,-28.783,32.0377,58.51,62,79,12.12,ZA,2022-06-15 23:05:08,broken clouds
142,Esik,43.3552,77.4525,56.62,56,100,4.32,KZ,2022-06-15 23:07:28,overcast clouds
143,Lazaro Cardenas,17.9583,-102.2,82.0,74,100,3.69,MX,2022-06-15 23:07:29,overcast clouds
144,Fukue,32.6881,128.8419,72.59,88,73,9.22,JP,2022-06-15 23:07:29,broken clouds
145,Svetlaya,46.5389,138.3297,57.0,77,90,7.45,RU,2022-06-15 23:07:29,overcast clouds
146,Bluff,-46.6,168.3333,47.8,79,49,24.32,NZ,2022-06-15 23:07:30,scattered clouds
147,Araxa,-19.5933,-46.9406,61.57,62,6,4.76,BR,2022-06-15 23:07:30,clear sky
148,Sitka,57.0531,-135.33,64.29,52,0,13.8,US,2022-06-15 23:07:10,clear sky
149,Zheleznodorozhnyy,55.7503,38.0042,56.75,79,6,8.72,RU,2022-06-15 23:07:31,clear sky
150,Lebu,-37.6167,-73.65,50.94,87,87,6.69,CL,2022-06-15 23:02:40,overcast clouds
151,Oranjestad,12.524,-70.027,80.04,87,100,29.04,AW,2022-06-15 23:07:31,overcast clouds
152,Aklavik,68.2191,-135.0107,63.48,34,3,7.27,CA,2022-06-15 23:07:31,clear sky
153,Goderich,43.7501,-81.7165,70.61,86,79,11.52,CA,2022-06-15 23:07:32,broken clouds
154,San Patricio,28.017,-97.5169,92.16,52,77,19.64,US,2022-06-15 23:07:32,broken clouds
155,Carnarvon,-24.8667,113.6333,70.16,89,100,2.3,AU,2022-06-15 23:07:32,overcast clouds
156,Komsomolskiy,40.4272,71.7189,69.73,62,98,4.9,UZ,2022-06-15 23:07:33,overcast clouds
157,Ugoofaaru,5.6667,73.0,83.12,75,95,12.15,MV,2022-06-15 23:07:33,overcast clouds
158,Upernavik,72.7868,-56.1549,32.49,70,100,7.18,GL,2022-06-15 23:07:33,overcast clouds
159,Parfino,57.9731,31.6481,54.25,79,92,9.28,RU,2022-06-15 23:07:34,overcast clouds
160,Morondava,-20.2833,44.2833,68.59,87,0,4.72,MG,2022-06-15 23:07:34,clear sky
161,Barrow,71.2906,-156.7887,39.22,87,100,10.36,US,2022-06-15 23:07:34,overcast clouds
162,Vila Franca Do Campo,37.7167,-25.4333,66.2,90,46,7.72,PT,2022-06-15 23:07:35,scattered clouds
163,Porosozero,62.7191,32.727,51.53,97,69,2.3,RU,2022-06-15 23:07:35,broken clouds
164,Camana,-16.6228,-72.7111,61.59,82,74,5.35,PE,2022-06-15 23:07:36,broken clouds
165,Kavaratti,10.5669,72.642,82.9,77,100,16.82,IN,2022-06-15 23:03:10,heavy intensity rain
166,Codrington,-38.2667,141.9667,55.63,90,60,13.98,AU,2022-06-15 23:07:36,broken clouds
167,Conceicao Do Araguaia,-8.2578,-49.2647,75.31,53,1,3.78,BR,2022-06-15 23:07:36,clear sky
168,Santa Luzia,-19.7697,-43.8514,59.9,73,91,4.72,BR,2022-06-15 23:07:37,overcast clouds
169,Hithadhoo,-0.6,73.0833,82.2,72,67,5.46,MV,2022-06-15 23:07:37,broken clouds
170,La Spezia,44.1105,9.8434,73.98,69,41,5.01,IT,2022-06-15 23:07:37,scattered clouds
171,Yoichi,43.2039,140.7703,57.99,97,100,2.57,JP,2022-06-15 23:07:38,light rain
172,Khammam,17.25,80.15,85.21,62,100,3.38,IN,2022-06-15 23:07:38,moderate rain
173,Jackson,42.4165,-122.8345,83.16,26,0,14.97,US,2022-06-15 23:07:38,clear sky
174,Bahar,34.9072,48.4414,58.82,31,0,3.69,IR,2022-06-15 23:07:39,clear sky
175,Lyngseidet,69.5763,20.2189,48.2,82,92,4.63,NO,2022-06-15 23:07:39,overcast clouds
176,Guerrero Negro,27.9769,-114.0611,72.48,52,0,17.81,MX,2022-06-15 23:07:39,clear sky
177,Avarua,-21.2078,-159.775,82.45,69,20,14.97,CK,2022-06-15 23:02:45,few clouds
178,Rognan,67.0953,15.3878,48.76,84,54,1.1,NO,2022-06-15 23:07:40,broken clouds
179,Chokurdakh,70.6333,147.9167,66.11,29,88,6.51,RU,2022-06-15 23:07:40,overcast clouds
180,Biu,10.6129,12.1946,75.99,64,8,4.36,NG,2022-06-15 23:07:40,clear sky
181,Nome,64.5011,-165.4064,46.17,81,100,11.5,US,2022-06-15 23:04:30,overcast clouds
182,Kijang,35.2442,129.2139,70.65,76,1,8.57,KR,2022-06-15 23:07:41,clear sky
183,Butaritari,3.0707,172.7902,81.91,68,69,12.26,KI,2022-06-15 23:07:41,broken clouds
184,Dikson,73.5069,80.5464,36.0,83,33,6.87,RU,2022-06-15 23:07:41,scattered clouds
185,Huarmey,-10.0681,-78.1522,64.42,76,3,12.59,PE,2022-06-15 23:07:42,clear sky
186,Kodiak,57.79,-152.4072,56.71,82,40,10.36,US,2022-06-15 23:08:42,scattered clouds
187,Ardesen,41.1911,40.9875,69.44,62,6,8.19,TR,2022-06-15 23:08:42,clear sky
188,Mansehra,34.3333,73.2,69.66,56,57,6.93,PK,2022-06-15 23:08:44,broken clouds
189,Tautira,-17.7333,-149.15,78.85,79,31,19.01,PF,2022-06-15 23:08:44,light rain
190,Broome,42.2506,-75.833,83.7,48,0,5.75,US,2022-06-15 23:08:45,clear sky
191,Bhunya,-26.55,31.0167,40.21,55,0,3.96,SZ,2022-06-15 23:08:45,clear sky
192,Namibe,-15.1961,12.1522,63.91,82,10,1.79,AO,2022-06-15 23:08:10,clear sky
193,Fairbanks,64.8378,-147.7164,72.01,51,75,9.22,US,2022-06-15 23:08:11,smoke
194,Sao Miguel Do Araguaia,-13.275,-50.1628,78.37,48,60,2.57,BR,2022-06-15 23:04:38,broken clouds
195,Bonthe,7.5264,-12.505,77.29,87,100,9.19,SL,2022-06-15 23:08:46,overcast clouds
196,Viedma,-40.8135,-62.9967,46.47,88,79,4.56,AR,2022-06-15 23:07:00,broken clouds
197,Puli,23.9664,120.9695,75.87,84,97,2.71,TW,2022-06-15 23:08:46,overcast clouds
198,Luderitz,-26.6481,15.1594,63.46,35,5,18.32,NA,2022-06-15 23:08:47,clear sky
199,Hammerfest,70.6634,23.6821,43.25,100,100,9.22,NO,2022-06-15 23:08:47,overcast clouds
200,Tasiilaq,65.6145,-37.6368,39.36,96,100,9.4,GL,2022-06-15 23:08:33,light rain
201,Kalat,29.0225,66.5916,71.2,17,0,3.33,PK,2022-06-15 23:08:47,clear sky
202,Faya,18.3851,42.4509,70.32,21,67,8.12,SA,2022-06-15 23:08:48,broken clouds
203,Vanderhoof,54.0166,-124.0198,74.08,28,61,8.5,CA,2022-06-15 23:04:41,broken clouds
204,Mahebourg,-20.4081,57.7,74.25,74,42,18.41,MU,2022-06-15 23:08:48,light rain
205,Bastrop,32.7562,-91.8724,92.88,63,3,7.96,US,2022-06-15 23:05:58,clear sky
206,Saint-Philippe,-21.3585,55.7679,69.39,85,58,16.53,RE,2022-06-15 23:08:49,light rain
207,Taseyevo,57.2169,94.8978,61.63,94,52,1.54,RU,2022-06-15 23:08:49,broken clouds
208,Sao Filipe,14.8961,-24.4956,72.9,85,38,6.93,CV,2022-06-15 23:05:32,scattered clouds
209,Atbasar,51.8,68.3333,62.26,59,71,6.13,KZ,2022-06-15 23:08:50,broken clouds
210,Ponta Do Sol,32.6667,-17.1,68.72,75,38,11.5,PT,2022-06-15 23:08:50,scattered clouds
211,Sturgis,41.7992,-85.4192,91.65,51,0,12.66,US,2022-06-15 23:08:50,clear sky
212,Bonavista,48.6499,-53.1147,44.06,81,23,2.86,CA,2022-06-15 23:08:51,few clouds
213,Coihaique,-45.5752,-72.0662,41.61,93,40,3.44,CL,2022-06-15 23:08:51,scattered clouds
214,Chantada,42.6088,-7.7712,69.55,92,100,3.65,ES,2022-06-15 23:08:51,overcast clouds
215,Chuy,-33.6971,-53.4616,54.27,76,94,5.68,UY,2022-06-15 23:08:52,overcast clouds
216,Bossangoa,6.4926,17.4552,70.12,91,99,2.33,CF,2022-06-15 23:08:52,light rain
217,Singleton,-32.5667,151.1833,52.86,65,3,7.11,AU,2022-06-15 23:08:52,clear sky
218,Kimbe,-5.5502,150.1429,83.8,68,76,2.48,PG,2022-06-15 23:08:53,broken clouds
219,Namatanai,-3.6667,152.4333,83.19,70,54,7.94,PG,2022-06-15 23:05:19,broken clouds
220,Salamiyah,35.0113,37.0532,69.04,70,0,3.8,SY,2022-06-15 23:08:53,clear sky
221,Mujiayingzi,42.1167,118.7833,66.15,65,2,5.53,CN,2022-06-15 23:08:54,clear sky
222,Narsaq,60.9167,-46.05,53.82,67,11,4.23,GL,2022-06-15 23:08:54,few clouds
223,Yulara,-25.2406,130.9889,55.36,55,7,6.29,AU,2022-06-15 23:08:54,clear sky
224,Pundaguitan,6.3711,126.1689,81.99,76,81,10.76,PH,2022-06-15 23:08:55,broken clouds
225,Sulangan,11.1373,123.7228,83.82,72,40,6.38,PH,2022-06-15 23:08:55,scattered clouds
226,Porto Santo,33.072,-16.3415,66.58,72,20,17.27,PT,2022-06-15 23:08:55,few clouds
227,Valdivia,-39.8142,-73.2459,42.89,91,79,0.83,CL,2022-06-15 23:08:56,broken clouds
228,Havre-Saint-Pierre,50.2334,-63.5986,57.34,74,11,13.73,CA,2022-06-15 23:07:25,few clouds
229,Talara,-4.5772,-81.2719,72.36,68,0,16.11,PE,2022-06-15 23:09:56,clear sky
230,Caravelas,-17.7125,-39.2481,71.29,65,68,8.21,BR,2022-06-15 23:09:56,broken clouds
231,Majene,-3.5403,118.9707,77.94,90,98,8.68,ID,2022-06-15 23:09:57,overcast clouds
232,Sao Raimundo Das Mangabeiras,-7.0219,-45.4811,74.7,69,32,3.96,BR,2022-06-15 23:09:57,scattered clouds
233,Kavieng,-2.5744,150.7967,84.09,70,29,13.2,PG,2022-06-15 23:09:57,scattered clouds
234,Sorland,67.667,12.6934,44.46,83,18,3.51,NO,2022-06-15 23:09:58,few clouds
235,La Mira,18.035,-102.3266,81.86,74,100,3.89,MX,2022-06-15 23:09:58,overcast clouds
236,Alice Springs,-23.7,133.8833,44.15,87,14,4.61,AU,2022-06-15 23:09:58,few clouds
237,Flinders,-34.5833,150.8552,61.38,69,70,4.0,AU,2022-06-15 23:09:59,light rain
238,Iquique,-20.2208,-70.1431,60.84,81,29,5.75,CL,2022-06-15 23:09:59,scattered clouds
239,Vanavara,60.34,102.2797,64.44,71,84,4.38,RU,2022-06-15 23:09:54,broken clouds
240,Buenos Aires,-34.6132,-58.3772,57.94,91,100,3.44,AR,2022-06-15 23:08:41,overcast clouds
241,Port Lincoln,-34.7333,135.8667,55.99,78,56,5.44,AU,2022-06-15 23:10:00,broken clouds
242,Ambon,-3.6954,128.1814,76.23,16,40,0.0,ID,2022-06-15 23:10:00,thunderstorm
243,Bambous Virieux,-20.3428,57.7575,74.21,74,47,18.1,MU,2022-06-15 23:08:57,light rain
244,Lumphat,13.4878,106.9816,74.77,98,100,2.46,KH,2022-06-15 23:10:01,overcast clouds
245,Half Moon Bay,37.4636,-122.4286,89.58,65,75,25.32,US,2022-06-15 23:10:01,mist
246,Goba,7.0167,39.9833,47.62,86,66,6.87,ET,2022-06-15 23:10:01,broken clouds
247,Karratha,-20.7377,116.8463,71.08,53,32,8.95,AU,2022-06-15 23:10:02,scattered clouds
248,Manyana,-23.4,21.7167,41.23,49,0,7.47,BW,2022-06-15 23:10:02,clear sky
249,Inhambane,-23.865,35.3833,70.03,78,35,15.46,MZ,2022-06-15 23:10:03,scattered clouds
250,Umm Kaddadah,13.6017,26.6876,85.95,39,47,13.44,SD,2022-06-15 23:10:03,scattered clouds
251,Joshimath,30.5667,79.5667,65.07,81,66,2.89,IN,2022-06-15 23:10:03,broken clouds
252,Norman Wells,65.282,-126.8329,59.04,55,75,3.44,CA,2022-06-15 23:06:21,broken clouds
253,The Valley,18.217,-63.0578,82.81,83,20,16.11,AI,2022-06-15 23:10:04,few clouds
254,Ishigaki,24.3448,124.1572,82.4,83,100,11.34,JP,2022-06-15 23:10:04,light rain
255,Darhan,49.4867,105.9228,65.82,80,100,2.28,MN,2022-06-15 23:10:05,overcast clouds
256,North Bend,43.4065,-124.2243,62.92,84,100,11.5,US,2022-06-15 23:10:05,overcast clouds
257,Moskovskiy,55.5991,37.355,55.47,81,0,11.01,RU,2022-06-15 23:10:05,clear sky
258,Muravlenko,63.7898,74.523,54.23,88,99,16.69,RU,2022-06-15 23:10:06,overcast clouds
259,Fort Nelson,58.8053,-122.7002,70.9,31,36,6.8,CA,2022-06-15 23:10:06,scattered clouds
260,Maniitsoq,65.4167,-52.9,37.51,73,51,7.9,GL,2022-06-15 23:10:06,broken clouds
261,Arman,59.7,150.1667,50.02,92,100,0.65,RU,2022-06-15 23:10:07,overcast clouds
262,Maracas,-13.4411,-40.4308,58.48,81,13,9.01,BR,2022-06-15 23:10:07,few clouds
263,Bangassou,4.7413,22.8184,68.97,97,100,3.51,CF,2022-06-15 23:10:07,moderate rain
264,Nambiyur,11.3667,77.3333,77.97,76,100,3.78,IN,2022-06-15 23:10:08,overcast clouds
265,Creel,27.75,-107.6333,73.38,38,93,8.14,MX,2022-06-15 23:10:08,overcast clouds
266,Sheksna,59.21,38.5107,52.68,92,97,11.54,RU,2022-06-15 23:10:09,overcast clouds
267,Ucluelet,48.9329,-125.5528,57.09,83,100,1.66,CA,2022-06-15 23:10:09,overcast clouds
268,Merauke,-8.4667,140.3333,80.17,83,66,13.49,ID,2022-06-15 23:10:09,broken clouds
269,Gualaceo,-2.9,-78.7833,56.46,92,57,4.79,EC,2022-06-15 23:10:10,broken clouds
270,Andradas,-22.0681,-46.5692,59.14,66,20,5.19,BR,2022-06-15 23:05:29,few clouds
271,Dehloran,32.6941,47.2679,86.11,15,0,10.65,IR,2022-06-15 23:10:10,clear sky
272,Bonfim,3.0833,-59.95,77.2,86,49,2.66,BR,2022-06-15 23:10:10,scattered clouds
273,Saldanha,-33.0117,17.9442,51.35,71,19,8.86,ZA,2022-06-15 23:08:07,few clouds
274,Olinda,-8.0089,-34.8553,73.13,100,75,5.75,BR,2022-06-15 23:10:11,broken clouds
275,Tocopilla,-22.092,-70.1979,59.29,73,15,6.42,CL,2022-06-15 23:10:11,few clouds
276,Baker City,44.7749,-117.8344,67.71,42,0,11.5,US,2022-06-15 23:08:59,clear sky
277,Marquette,46.5333,-87.6335,78.24,58,56,16.49,US,2022-06-15 23:11:12,moderate rain
278,Amazar,53.858,120.875,66.42,56,71,2.68,RU,2022-06-15 23:11:12,broken clouds
279,Waiuku,-37.25,174.75,63.86,68,93,8.39,NZ,2022-06-15 23:11:13,overcast clouds
280,Gold Coast,-28.0,153.4333,67.17,95,2,0.0,AU,2022-06-15 23:11:13,clear sky
281,Mahon,39.8885,4.2658,75.76,73,0,3.44,ES,2022-06-15 23:11:13,clear sky
282,Leamington,42.0549,-82.6062,93.94,84,28,4.0,CA,2022-06-15 23:09:57,scattered clouds
283,Bayan,46.0833,127.4,67.06,83,80,11.7,CN,2022-06-15 23:11:14,broken clouds
284,Kurchatov,51.6601,35.6521,54.01,91,2,5.61,RU,2022-06-15 23:11:14,clear sky
285,Taganak,6.0833,118.3,80.24,84,99,7.99,PH,2022-06-15 23:11:14,overcast clouds
286,Kasamatsu,35.3686,136.764,71.1,85,100,1.12,JP,2022-06-15 23:11:15,overcast clouds
287,Tevriz,57.509,72.4042,52.84,97,97,7.0,RU,2022-06-15 23:11:15,overcast clouds
288,Belyy Yar,53.6039,91.3903,64.29,84,0,4.47,RU,2022-06-15 23:11:15,clear sky
289,Fort William,56.8165,-5.1121,55.31,95,100,3.4,GB,2022-06-15 23:11:16,overcast clouds
290,Misratah,32.3754,15.0925,74.39,73,0,6.62,LY,2022-06-15 23:11:16,clear sky
291,Lavrentiya,65.5833,-171.0,39.11,97,100,16.02,RU,2022-06-15 23:08:22,light rain
292,Oruro,-17.9833,-67.15,45.19,24,0,6.4,BO,2022-06-15 23:11:16,clear sky
293,Luena,-11.7833,19.9167,54.41,48,3,1.48,AO,2022-06-15 23:11:17,clear sky
294,Laguna,38.421,-121.4238,100.15,17,0,17.27,US,2022-06-15 23:11:17,clear sky
295,Macae,-22.3708,-41.7869,63.95,80,64,5.28,BR,2022-06-15 23:09:28,broken clouds
296,Miri,4.4148,114.0089,76.3,94,45,4.56,MY,2022-06-15 23:10:03,scattered clouds
297,Quatre Cocos,-20.2078,57.7625,74.08,74,42,17.56,MU,2022-06-15 23:08:26,light rain
298,Griffith,41.5284,-87.4237,96.06,49,0,19.57,US,2022-06-15 23:07:48,clear sky
299,Severnoye,56.3491,78.3619,49.8,99,29,5.84,RU,2022-06-15 23:11:18,scattered clouds
300,Aswan,24.0934,32.907,86.49,26,1,14.38,EG,2022-06-15 23:11:18,clear sky
301,Monte Santo De Minas,-21.1897,-46.9803,60.21,63,3,3.78,BR,2022-06-15 23:11:19,clear sky
302,Marsaxlokk,35.8419,14.5431,74.08,64,0,4.61,MT,2022-06-15 23:11:19,clear sky
303,Mount Isa,-20.7333,139.5,60.57,51,10,0.0,AU,2022-06-15 23:11:19,clear sky
304,Zhezkazgan,47.8043,67.7144,60.87,53,2,7.34,KZ,2022-06-15 23:11:20,clear sky
305,Nzega,-2.479,29.5564,53.56,86,20,4.97,RW,2022-06-15 23:11:20,few clouds
306,Riyadh,24.6877,46.7219,87.94,17,0,3.15,SA,2022-06-15 23:08:19,clear sky
307,Maningrida,-12.0667,134.2667,72.45,75,7,12.59,AU,2022-06-15 23:11:20,clear sky
308,Jijiga,9.35,42.8,63.91,72,54,15.46,ET,2022-06-15 23:11:21,broken clouds
309,Grindavik,63.8424,-22.4338,46.87,81,75,17.27,IS,2022-06-15 23:11:21,broken clouds
310,Cochrane,51.1834,-114.4687,59.54,59,97,17.43,CA,2022-06-15 23:11:22,overcast clouds
311,Tarauaca,-8.1614,-70.7656,74.88,76,23,1.01,BR,2022-06-15 23:11:22,few clouds
312,Nabire,-3.3667,135.4833,77.16,85,100,2.46,ID,2022-06-15 23:11:22,overcast clouds
313,Meulaboh,4.1363,96.1285,75.83,83,100,3.31,ID,2022-06-15 23:11:23,overcast clouds
314,Coahuayana,18.7333,-103.6833,83.86,75,100,6.06,MX,2022-06-15 23:08:50,overcast clouds
315,Iganga,0.6092,33.4686,63.97,91,42,3.62,UG,2022-06-15 23:11:23,scattered clouds
316,Muros,42.7762,-9.0603,69.1,75,97,7.85,ES,2022-06-15 23:10:45,overcast clouds
317,College,64.8569,-147.8028,72.0,52,75,9.22,US,2022-06-15 23:11:24,smoke
318,Maumere,-8.6199,122.2111,79.63,81,75,5.41,ID,2022-06-15 23:11:24,broken clouds
319,Verkhoyansk,67.5447,133.385,57.92,52,99,11.74,RU,2022-06-15 23:09:18,overcast clouds
320,Hobyo,5.3505,48.5268,77.86,86,66,24.85,SO,2022-06-15 23:12:25,broken clouds
321,Mumbwa,-14.9783,27.0619,58.62,45,1,2.39,ZM,2022-06-15 23:12:25,clear sky
322,Husavik,66.0449,-17.3389,48.6,92,94,8.1,IS,2022-06-15 23:12:26,overcast clouds
323,Scarborough,54.2797,-0.4044,54.91,89,35,1.03,GB,2022-06-15 23:12:26,scattered clouds
324,Dalbandin,28.8947,64.4101,92.03,13,0,5.1,PK,2022-06-15 23:12:26,clear sky
325,Peniche,39.3558,-9.3811,66.07,94,39,5.55,PT,2022-06-15 23:12:27,scattered clouds
326,Massaguet,12.4755,15.4365,88.72,37,57,5.44,TD,2022-06-15 23:12:27,broken clouds
327,Eyl,7.9803,49.8164,78.48,78,57,22.95,SO,2022-06-15 23:12:27,broken clouds
328,Camacha,33.0833,-16.3333,63.82,72,20,17.27,PT,2022-06-15 23:12:28,few clouds
329,Barra,-11.0894,-43.1417,77.9,46,97,1.81,BR,2022-06-15 23:12:28,overcast clouds
330,Valparaiso,-33.0393,-71.6273,54.48,80,40,3.44,CL,2022-06-15 23:09:05,scattered clouds
331,Bethel,41.3712,-73.414,76.03,70,0,6.91,US,2022-06-15 23:12:28,clear sky
332,Port-Gentil,-0.7193,8.7815,76.96,78,40,14.97,GA,2022-06-15 23:12:29,scattered clouds
333,Polunochnoye,60.8697,60.4153,50.81,79,7,3.13,RU,2022-06-15 23:12:29,clear sky
334,Marawi,7.9986,124.2928,71.01,84,44,1.36,PH,2022-06-15 23:12:29,scattered clouds
335,Musoma,-1.5,33.8,68.34,83,99,6.44,TZ,2022-06-15 23:12:30,light rain
336,Riohacha,11.5444,-72.9072,79.92,87,95,4.59,CO,2022-06-15 23:12:30,overcast clouds
337,Arak,34.0917,49.6892,64.18,21,0,3.6,IR,2022-06-15 23:12:32,clear sky
338,Queimados,-22.7161,-43.5553,67.6,90,71,2.24,BR,2022-06-15 23:12:32,broken clouds
339,Tomatlan,19.9333,-105.25,87.51,58,100,11.18,MX,2022-06-15 23:12:32,overcast clouds
340,Gidole,5.65,37.3667,54.57,86,99,1.39,ET,2022-06-15 23:12:33,overcast clouds
341,San Quintin,30.4833,-115.95,69.28,59,1,8.25,MX,2022-06-15 23:12:33,clear sky
342,Lebanon,36.2081,-86.2911,97.03,59,38,4.0,US,2022-06-15 23:12:34,scattered clouds
343,Putyatino,54.16,41.1169,53.37,90,100,5.88,RU,2022-06-15 23:12:34,overcast clouds
344,Mahendranagar,28.9167,80.3333,87.73,33,27,4.23,NP,2022-06-15 23:12:34,scattered clouds
345,Tamandare,-8.7597,-35.1047,75.16,88,14,9.98,BR,2022-06-15 23:12:35,few clouds
346,Chapais,49.7834,-74.8492,70.29,57,99,8.14,CA,2022-06-15 23:10:02,overcast clouds
347,Ossora,59.2353,163.0719,53.08,71,100,12.86,RU,2022-06-15 23:12:35,overcast clouds
348,Dawei,14.0833,98.2,77.16,91,100,2.28,MM,2022-06-15 23:08:07,overcast clouds
349,Cockburn Town,21.4612,-71.1419,81.39,84,8,17.83,TC,2022-06-15 23:11:30,clear sky
350,Vestmannaeyjar,63.4427,-20.2734,49.24,73,58,15.17,IS,2022-06-15 23:08:29,broken clouds
351,Piranshahr,36.701,45.1413,59.25,51,0,3.06,IR,2022-06-15 23:12:36,clear sky
352,Maksi,23.2667,76.15,82.33,64,99,7.76,IN,2022-06-15 23:12:36,overcast clouds
353,Clyde River,70.4692,-68.5914,34.03,93,100,25.32,CA,2022-06-15 23:12:36,light snow
354,Champerico,14.3,-91.9167,86.54,79,100,11.1,GT,2022-06-15 23:12:37,overcast clouds
355,Walvis Bay,-22.9575,14.5053,55.09,49,0,2.26,NA,2022-06-15 23:09:51,clear sky
356,Bud,39.447,-86.1758,93.31,56,50,9.91,US,2022-06-15 23:10:40,scattered clouds
357,Tura,25.5198,90.2201,72.82,99,100,6.42,IN,2022-06-15 23:10:21,light rain
358,Marzuq,14.4,46.4667,77.22,48,100,5.26,YE,2022-06-15 23:12:37,overcast clouds
359,Madras,13.0878,80.2785,82.38,84,40,13.8,IN,2022-06-15 23:10:13,mist
360,Okha,53.5739,142.9478,52.09,83,98,2.42,RU,2022-06-15 23:12:38,overcast clouds
361,Los Llanos De Aridane,28.6585,-17.9182,65.95,90,0,16.11,ES,2022-06-15 23:12:38,clear sky
362,Isangel,-19.55,169.2667,78.93,80,11,17.13,VU,2022-06-15 23:12:38,few clouds
363,Iskateley,67.6803,53.1512,43.86,81,50,7.14,RU,2022-06-15 23:12:39,scattered clouds
364,San Joaquin,37.9333,-121.3011,97.2,16,0,9.22,US,2022-06-15 23:12:39,clear sky
365,Port Hardy,50.6996,-127.4199,55.58,82,100,6.91,CA,2022-06-15 23:12:39,light intensity shower rain
366,Sabang,5.8933,95.3214,81.59,73,100,6.38,ID,2022-06-15 23:13:40,overcast clouds
367,Hongjiang,27.11,109.9956,72.43,93,100,4.03,CN,2022-06-15 23:13:40,overcast clouds
368,Bubaque,11.2833,-15.8333,80.33,83,97,12.37,GW,2022-06-15 23:13:40,overcast clouds
369,Ponta Delgada,37.7333,-25.6667,66.51,77,40,9.22,PT,2022-06-15 23:13:08,scattered clouds
370,Sembakung,3.8167,117.25,73.06,99,96,0.94,ID,2022-06-15 23:13:41,overcast clouds
371,Kununurra,-15.7667,128.7333,55.38,82,50,0.0,AU,2022-06-15 23:10:40,scattered clouds
372,Kenora,49.8167,-94.4337,56.37,88,75,12.66,CA,2022-06-15 23:13:41,broken clouds
373,Susanville,40.4163,-120.653,84.9,18,0,17.27,US,2022-06-15 23:12:17,clear sky
374,Benguela,-12.5763,13.4055,67.62,69,9,4.12,AO,2022-06-15 23:13:42,clear sky
375,Palaia Fokaia,37.72,23.9463,77.81,58,20,13.22,GR,2022-06-15 23:13:42,few clouds
376,Oranjemund,-28.55,16.4333,57.24,49,37,7.27,NA,2022-06-15 23:13:43,scattered clouds
377,Alofi,-19.0595,-169.9187,80.49,74,75,12.66,NU,2022-06-15 23:13:43,broken clouds
378,Aysha,55.8704,48.6319,62.46,97,82,5.61,RU,2022-06-15 23:13:43,broken clouds
379,Bathsheba,13.2167,-59.5167,81.21,83,40,24.16,BB,2022-06-15 23:13:44,scattered clouds
380,Yumen,40.2833,97.2,73.2,13,100,3.02,CN,2022-06-15 23:09:07,overcast clouds
381,Semporna,4.4818,118.6112,78.6,86,93,4.16,MY,2022-06-15 23:13:44,overcast clouds
382,Gizo,-8.103,156.8419,83.43,72,63,8.05,SB,2022-06-15 23:11:18,light rain
383,San Matias,-16.3667,-58.4,75.74,61,0,5.59,BO,2022-06-15 23:11:10,clear sky
384,Kailua,21.4022,-157.7394,84.49,70,40,16.11,US,2022-06-15 23:13:45,scattered clouds
385,Chimbarongo,-34.7,-71.05,51.73,72,55,2.98,CL,2022-06-15 23:13:45,broken clouds
386,Yarmouth,41.7057,-70.2286,69.94,72,0,8.99,US,2022-06-15 23:13:45,clear sky
387,Havoysund,70.9963,24.6622,41.23,87,100,13.29,NO,2022-06-15 23:13:46,overcast clouds
388,Puerto Cabezas,14.0351,-83.3888,76.23,88,100,9.15,NI,2022-06-15 23:13:46,overcast clouds
389,Padang,-0.9492,100.3543,75.16,85,100,4.83,ID,2022-06-15 23:13:46,overcast clouds
390,Teguldet,57.3064,88.1667,56.57,89,87,4.47,RU,2022-06-15 23:13:47,overcast clouds
391,Uyuni,-20.4597,-66.825,39.63,20,0,9.17,BO,2022-06-15 23:13:47,clear sky
392,Manggar,-2.8833,108.2667,79.12,83,78,2.35,ID,2022-06-15 23:13:47,moderate rain
393,Tateyama,34.9833,139.8667,67.1,87,100,4.0,JP,2022-06-15 23:13:47,overcast clouds
394,Ereymentau,51.6199,73.1033,53.49,81,88,9.04,KZ,2022-06-15 23:13:48,overcast clouds
395,George Town,5.4112,100.3354,76.95,96,40,4.61,MY,2022-06-15 23:11:25,scattered clouds
396,Palmer,42.1584,-72.3287,75.81,61,100,9.22,US,2022-06-15 23:10:41,overcast clouds
397,Ampanihy,-24.7,44.75,65.32,68,18,7.0,MG,2022-06-15 23:13:48,few clouds
398,Malindi,-3.2175,40.1191,76.93,81,17,12.95,KE,2022-06-15 23:13:49,few clouds
399,Chamalieres,45.7756,3.0631,72.32,68,0,8.05,FR,2022-06-15 23:13:49,clear sky
400,Nyurba,63.2842,118.3319,62.76,69,60,3.6,RU,2022-06-15 23:13:49,broken clouds
401,Alice,27.7523,-98.0697,93.09,55,75,24.16,US,2022-06-15 23:13:50,broken clouds
402,San Isidro,-12.1167,-77.05,63.5,79,0,13.8,PE,2022-06-15 23:13:50,clear sky
403,Port Macquarie,-31.4333,152.9167,55.89,64,0,3.6,AU,2022-06-15 23:13:50,clear sky
404,Ranong,9.9658,98.6348,77.81,87,99,2.44,TH,2022-06-15 23:13:51,overcast clouds
405,Mandalgovi,45.7625,106.2708,68.72,51,100,4.79,MN,2022-06-15 23:13:51,overcast clouds
406,Shihezi,44.3,86.0333,68.2,74,92,5.99,CN,2022-06-15 23:13:51,light rain
407,Ahome,25.9167,-109.1833,89.55,37,0,15.17,MX,2022-06-15 23:13:52,clear sky
408,Isla Mujeres,21.2311,-86.731,86.16,79,9,11.07,MX,2022-06-15 23:13:52,clear sky
409,Andenes,69.3143,16.1194,46.38,87,75,14.97,NO,2022-06-15 23:13:52,broken clouds
410,Carmen,18.6333,-91.8333,86.04,74,75,11.5,MX,2022-06-15 23:13:53,broken clouds
411,Kloulklubed,7.0419,134.2556,79.3,75,60,10.33,PW,2022-06-15 23:13:53,broken clouds
412,Trofors,65.5333,13.4063,50.74,87,60,2.44,NO,2022-06-15 23:13:53,broken clouds
413,Rawlins,41.7911,-107.2387,71.49,12,0,20.71,US,2022-06-15 23:13:54,clear sky
414,Seoul,37.5683,126.9778,63.84,87,100,5.3,KR,2022-06-15 23:13:54,overcast clouds
415,Itaituba,-4.2761,-55.9836,74.32,91,55,2.48,BR,2022-06-15 23:14:54,broken clouds
416,Flagstaff,35.1981,-111.6513,88.59,9,0,12.66,US,2022-06-15 23:14:55,clear sky
417,Trenggalek,-8.05,111.7167,74.64,95,85,0.54,ID,2022-06-15 23:14:55,overcast clouds
418,Kruisfontein,-34.0033,24.7314,47.88,80,60,10.6,ZA,2022-06-15 23:14:55,light rain
419,Victoria,22.2855,114.1577,82.45,90,100,8.99,HK,2022-06-15 23:11:21,overcast clouds
420,Saint-Joseph,-21.3667,55.6167,68.38,84,41,12.15,RE,2022-06-15 23:14:56,light rain
421,Hervey Bay,-25.2986,152.8535,65.59,70,100,3.58,AU,2022-06-15 23:14:56,overcast clouds
422,Taylor,32.3001,-99.8337,99.43,34,20,19.57,US,2022-06-15 23:14:56,few clouds
423,Mayo,38.8876,-76.5119,87.91,63,0,4.61,US,2022-06-15 23:14:57,clear sky
424,Ostrovnoy,68.0531,39.5131,44.85,86,98,10.6,RU,2022-06-15 23:14:57,overcast clouds
425,Cooma,-36.2333,149.1333,46.58,81,89,7.31,AU,2022-06-15 23:14:57,overcast clouds
426,Tiarei,-17.5333,-149.3333,84.0,79,28,19.48,PF,2022-06-15 23:14:58,light rain
427,Doka,13.5167,35.7667,73.42,76,100,14.25,SD,2022-06-15 23:14:58,light rain
428,Brae,60.3964,-1.353,52.16,96,100,15.17,GB,2022-06-15 23:14:58,light rain
429,Gore,-46.1028,168.9436,47.12,87,98,9.08,NZ,2022-06-15 23:14:59,overcast clouds
430,Poienile De Sub Munte,47.8167,24.4333,47.73,87,3,3.67,RO,2022-06-15 23:14:59,clear sky
431,Caronport,50.4501,-105.8179,56.12,88,87,12.93,CA,2022-06-15 23:14:59,light rain
432,Yenagoa,4.9247,6.2642,74.53,95,57,4.21,NG,2022-06-15 23:15:00,broken clouds
433,Irbit,57.6705,63.071,55.63,95,85,4.52,RU,2022-06-15 23:15:00,overcast clouds
434,Ndele,8.4109,20.6473,69.8,82,100,6.96,CF,2022-06-15 23:15:00,overcast clouds
435,Kichera,55.9375,110.0997,68.63,51,18,2.08,RU,2022-06-15 23:15:01,few clouds
436,Belfast,54.5833,-5.9333,60.62,73,96,6.91,GB,2022-06-15 23:15:01,overcast clouds
437,Larsnes,62.2028,5.5773,54.01,92,100,4.88,NO,2022-06-15 23:15:02,overcast clouds
438,Koutiala,12.3917,-5.4642,88.18,42,100,12.24,ML,2022-06-15 23:15:02,overcast clouds
439,Hamilton,39.1834,-84.5333,93.0,59,0,12.66,US,2022-06-15 23:10:47,clear sky
440,Paracuru,-3.41,-39.0306,81.1,80,51,8.37,BR,2022-06-15 23:15:02,broken clouds
441,Kachug,53.9606,105.8817,64.33,73,70,1.95,RU,2022-06-15 23:15:03,broken clouds
442,Mackay,-21.15,149.2,72.68,78,40,11.43,AU,2022-06-15 23:15:03,scattered clouds
443,Praya,14.9215,-23.5087,73.94,88,40,10.36,CV,2022-06-15 23:11:36,scattered clouds
444,Nanortalik,60.1432,-45.2371,40.26,78,30,8.86,GL,2022-06-15 23:15:03,scattered clouds
445,Lasa,46.6166,10.7002,60.37,77,39,1.41,IT,2022-06-15 23:15:04,scattered clouds
446,Fortuna,40.5982,-124.1573,65.93,74,20,14.97,US,2022-06-15 23:11:57,few clouds
447,San Policarpo,12.1791,125.5072,83.35,74,67,4.07,PH,2022-06-15 23:15:04,broken clouds
448,Rorvik,64.8621,11.2373,50.81,94,100,9.71,NO,2022-06-15 23:15:05,overcast clouds
449,Madinat Sittah Uktubar,29.8167,31.05,76.6,65,0,12.03,EG,2022-06-15 23:15:05,clear sky
450,Kjollefjord,70.9457,27.3465,41.05,88,100,13.44,NO,2022-06-15 23:15:05,overcast clouds
451,Kaitangata,-46.2817,169.8464,49.93,77,84,15.28,NZ,2022-06-15 23:15:06,broken clouds
452,Seymchan,62.8833,152.4333,62.73,46,81,2.77,RU,2022-06-15 23:15:06,broken clouds
453,Turukhansk,65.8167,87.9833,64.81,77,100,9.15,RU,2022-06-15 23:15:06,overcast clouds
454,Kasongo-Lunda,-6.4667,16.8167,71.91,51,63,2.21,CD,2022-06-15 23:15:07,broken clouds
455,Marietta,33.9526,-84.5499,97.29,61,75,18.41,US,2022-06-15 23:11:36,thunderstorm
456,Kem,64.9555,34.5793,47.52,99,100,7.23,RU,2022-06-15 23:15:07,overcast clouds
457,Terme,41.2092,36.9739,67.93,90,14,8.46,TR,2022-06-15 23:15:08,few clouds
458,Cape Coast,5.1053,-1.2466,75.63,91,100,7.76,GH,2022-06-15 23:15:08,moderate rain
459,Nouadhibou,20.931,-17.0347,67.98,83,1,12.66,MR,2022-06-15 23:15:08,clear sky
460,Labuan,5.2767,115.2417,80.6,77,55,7.83,MY,2022-06-15 23:15:09,broken clouds
461,Inuvik,68.3499,-133.7218,65.16,27,20,10.36,CA,2022-06-15 23:15:09,few clouds
462,Nemuro,43.3236,145.575,52.11,97,100,15.68,JP,2022-06-15 23:12:22,light rain
463,Camaqua,-30.8511,-51.8122,53.22,91,4,2.89,BR,2022-06-15 23:16:10,clear sky
464,Hami,42.8,93.45,83.71,22,96,13.96,CN,2022-06-15 23:16:10,overcast clouds
465,Sulphur,30.2366,-93.3774,93.4,61,40,11.5,US,2022-06-15 23:16:10,scattered clouds
466,Bumba,2.1833,22.4667,72.36,88,97,0.92,CD,2022-06-15 23:16:11,overcast clouds
467,Tukan,53.8409,57.4552,51.26,92,1,2.35,RU,2022-06-15 23:16:11,clear sky
468,Barra Do Corda,-5.5,-45.25,72.95,81,75,3.76,BR,2022-06-15 23:16:11,broken clouds
469,Lodja,-3.4833,23.4333,70.48,78,8,1.95,CD,2022-06-15 23:16:12,clear sky
470,Belmonte,-15.8631,-38.8828,70.47,76,16,8.12,BR,2022-06-15 23:16:12,few clouds
471,Skibbereen,51.55,-9.2667,55.11,93,76,6.44,IE,2022-06-15 23:16:13,broken clouds
472,Nieuw Amsterdam,5.8833,-55.0833,79.02,85,20,4.61,SR,2022-06-15 23:16:13,few clouds
473,Clovis,36.8252,-119.7029,99.16,16,20,3.44,US,2022-06-15 23:16:13,haze
474,Tazovskiy,67.4667,78.7,52.99,91,100,10.83,RU,2022-06-15 23:16:14,overcast clouds
475,Lata,40.1629,-8.3327,63.66,97,40,3.29,PT,2022-06-15 23:16:14,scattered clouds
476,Vila,42.0304,-8.1588,59.7,89,86,7.05,PT,2022-06-15 23:12:15,overcast clouds
477,Abu Samrah,35.3029,37.1841,71.51,61,0,5.55,SY,2022-06-15 23:16:15,clear sky
478,Delta,5.5,6.0,73.65,97,55,3.2,NG,2022-06-15 23:16:15,broken clouds
479,Kamenka,51.3223,42.7678,57.85,98,100,5.61,RU,2022-06-15 23:16:15,moderate rain
480,Prince George,53.9166,-122.753,73.26,36,52,4.0,CA,2022-06-15 23:12:13,broken clouds
481,Morant Bay,17.8815,-76.4093,80.22,83,100,10.85,JM,2022-06-15 23:16:16,overcast clouds
482,Longyearbyen,78.2186,15.6401,39.04,75,75,9.22,SJ,2022-06-15 23:16:16,broken clouds
483,Mecca,21.4267,39.8261,83.53,38,0,6.46,SA,2022-06-15 23:13:34,clear sky
484,Saint-Pierre,-21.3393,55.4781,72.91,73,75,8.05,RE,2022-06-15 23:16:17,broken clouds
485,Sergiyevsk,53.9413,51.165,61.81,73,18,4.94,RU,2022-06-15 23:16:17,few clouds
486,Giyani,-23.3025,30.7187,56.17,70,9,4.97,ZA,2022-06-15 23:16:17,clear sky
487,Saint-Francois,46.4154,3.9054,71.04,73,0,1.14,FR,2022-06-15 23:16:18,clear sky
488,Axim,4.8699,-2.2405,75.7,91,100,6.22,GH,2022-06-15 23:16:18,moderate rain
489,Zabid,14.1951,43.3152,83.66,83,91,4.23,YE,2022-06-15 23:16:18,overcast clouds
490,Cap Malheureux,-19.9842,57.6142,73.47,65,25,10.0,MU,2022-06-15 23:16:19,scattered clouds
491,Minot,48.2325,-101.2963,59.22,77,100,20.71,US,2022-06-15 23:16:19,overcast clouds
492,Tammisaari,59.9736,23.4339,54.28,81,2,11.48,FI,2022-06-15 23:16:19,clear sky
493,Umm Lajj,25.0213,37.2685,81.93,65,0,8.88,SA,2022-06-15 23:16:20,clear sky
494,Stokmarknes,68.5646,14.9108,46.38,87,100,0.0,NO,2022-06-15 23:16:20,overcast clouds
495,Bendigo,-36.7667,144.2833,51.85,76,97,4.0,AU,2022-06-15 23:16:20,overcast clouds
496,Mildura,-34.2,142.15,52.07,100,75,6.91,AU,2022-06-15 23:16:21,broken clouds
497,Aykhal,66.0,111.5,58.39,66,60,14.0,RU,2022-06-15 23:16:21,broken clouds
498,Balatan,13.3211,123.2333,80.62,82,25,2.44,PH,2022-06-15 23:16:21,scattered clouds
499,Ulaangom,49.9811,92.0667,64.36,54,64,2.26,MN,2022-06-15 23:16:22,broken clouds
500,Atherton,53.5237,-2.4935,59.29,78,17,1.01,GB,2022-06-15 23:16:22,few clouds
501,Babayurt,43.6002,46.7789,69.39,73,100,10.45,RU,2022-06-15 23:16:22,overcast clouds
502,Westport,41.1415,-73.3579,75.43,78,0,9.22,US,2022-06-15 23:15:18,clear sky
503,Onega,63.9061,38.1404,52.77,93,82,6.46,RU,2022-06-15 23:16:23,broken clouds
504,Loandjili,-4.7561,11.8578,72.36,89,0,5.44,CG,2022-06-15 23:16:23,clear sky
505,Mabaruma,8.2,-59.7833,74.55,96,98,4.16,GY,2022-06-15 23:16:24,overcast clouds
506,Ilulissat,69.2167,-51.1,39.22,60,7,9.22,GL,2022-06-15 23:16:24,clear sky
507,Vila Velha,-20.3297,-40.2925,71.55,82,75,6.91,BR,2022-06-15 23:14:35,broken clouds
508,Homer,59.6425,-151.5483,61.77,61,40,14.97,US,2022-06-15 23:12:47,scattered clouds
509,Xai-Xai,-25.0519,33.6442,67.78,66,96,12.28,MZ,2022-06-15 23:17:24,overcast clouds
510,Marsh Harbour,26.5412,-77.0636,81.93,71,100,7.09,BS,2022-06-15 23:17:25,overcast clouds
511,Marienburg,54.0359,19.0266,57.11,87,100,5.7,PL,2022-06-15 23:17:25,overcast clouds
512,Beyneu,45.3167,55.2,76.6,24,93,9.69,KZ,2022-06-15 23:17:25,overcast clouds
513,Srednekolymsk,67.45,153.6833,66.16,29,48,10.51,RU,2022-06-15 23:17:26,scattered clouds
514,Birao,10.2849,22.7882,72.63,84,100,10.38,CF,2022-06-15 23:17:26,moderate rain
515,Villany,45.8689,18.4539,61.84,67,4,1.54,HU,2022-06-15 23:17:27,clear sky
516,Coruripe,-10.1256,-36.1756,74.71,81,97,15.1,BR,2022-06-15 23:17:27,overcast clouds
517,Pontes E Lacerda,-15.2261,-59.3353,74.19,62,1,2.17,BR,2022-06-15 23:13:40,clear sky
518,Asau,46.4333,26.4,56.28,88,19,3.22,RO,2022-06-15 23:17:12,few clouds
519,Sola,-13.8833,167.55,81.32,74,96,19.57,VU,2022-06-15 23:17:28,overcast clouds
520,Carauari,-4.8828,-66.8958,73.22,95,52,1.3,BR,2022-06-15 23:17:28,broken clouds
521,Sabya,17.1495,42.6254,91.02,74,93,5.84,SA,2022-06-15 23:17:28,overcast clouds
522,Chengde,40.9725,117.9361,65.44,81,24,1.9,CN,2022-06-15 23:17:28,few clouds
523,Lukino,56.4418,43.6293,55.38,81,97,6.26,RU,2022-06-15 23:17:29,overcast clouds
524,Yar-Sale,66.8333,70.8333,55.24,57,6,13.76,RU,2022-06-15 23:17:29,clear sky
525,Santa Cruz,-17.8,-63.1667,71.65,60,0,16.11,BO,2022-06-15 23:17:30,clear sky
526,Anadyr,64.75,177.4833,45.1,87,75,13.42,RU,2022-06-15 23:17:30,broken clouds
527,Maldonado,-34.6667,-54.9167,55.22,89,98,4.65,UY,2022-06-15 23:17:30,overcast clouds
528,Great Bend,38.3645,-98.7648,86.04,54,0,7.14,US,2022-06-15 23:17:31,clear sky
529,Basti,26.8,82.7167,89.35,54,54,5.91,IN,2022-06-15 23:17:31,broken clouds
530,Kemijarvi,66.7131,27.4306,44.06,97,100,12.26,FI,2022-06-15 23:17:31,light rain
531,Shakhtinsk,49.71,72.5872,54.54,70,39,7.63,KZ,2022-06-15 23:17:32,scattered clouds
532,Tessalit,20.1986,1.0114,88.41,31,100,2.71,ML,2022-06-15 23:17:32,overcast clouds
533,Wajima,37.4,136.9,70.48,88,75,5.75,JP,2022-06-15 23:17:32,moderate rain
534,Kirakira,-10.4544,161.9205,82.72,76,77,9.26,SB,2022-06-15 23:17:33,broken clouds
535,Bintulu,3.1667,113.0333,77.41,94,20,0.0,MY,2022-06-15 23:17:33,few clouds
536,Glendive,47.1053,-104.7125,59.49,84,100,27.63,US,2022-06-15 23:17:33,light rain
537,Kirando,-7.4167,30.6,73.02,57,2,6.24,TZ,2022-06-15 23:17:34,clear sky
538,Sembe,1.6481,14.5806,70.59,96,72,1.25,CG,2022-06-15 23:17:34,broken clouds
539,Alekseyevka,50.6309,38.6903,55.9,90,91,4.74,RU,2022-06-15 23:17:34,overcast clouds
540,Sovetsk,55.0839,21.8785,50.5,95,61,5.17,RU,2022-06-15 23:17:35,broken clouds
541,Dhidhdhoo,6.8833,73.1,82.96,75,100,11.65,MV,2022-06-15 23:17:21,overcast clouds
542,Hinton,53.4001,-117.5857,59.61,56,100,2.24,CA,2022-06-15 23:17:35,overcast clouds
543,Kirkcudbright,54.8383,-4.0491,55.83,83,83,7.14,GB,2022-06-15 23:17:21,broken clouds
544,Ayagoz,47.9714,80.4392,54.0,88,26,7.45,KZ,2022-06-15 23:17:36,scattered clouds
545,Wenzhou,27.9994,120.6668,75.54,89,100,1.21,CN,2022-06-15 23:16:20,overcast clouds
546,Hambantota,6.1241,81.1185,80.06,76,100,17.4,LK,2022-06-15 23:17:36,heavy intensity rain
547,Messina,38.1933,15.5497,74.44,64,4,5.75,IT,2022-06-15 23:17:36,clear sky
548,Presidencia Roque Saenz Pena,-26.7852,-60.4388,60.73,75,26,6.69,AR,2022-06-15 23:17:37,scattered clouds
549,Swellendam,-34.0226,20.4417,46.96,72,1,3.74,ZA,2022-06-15 23:17:37,clear sky
550,Tombouctou,20.0,-3.0,95.95,10,0,9.4,ML,2022-06-15 23:17:37,clear sky
551,Liverpool,53.4106,-2.9779,59.54,76,0,4.61,GB,2022-06-15 23:13:02,clear sky
552,Akyab,20.15,92.9,79.12,88,100,6.42,MM,2022-06-15 23:17:38,light rain
553,Soledad,10.9184,-74.7646,82.53,83,75,4.61,CO,2022-06-15 23:17:38,broken clouds
554,Nantucket,41.2835,-70.0995,69.94,68,0,12.66,US,2022-06-15 23:14:00,clear sky
555,Rio Grande,-32.035,-52.0986,51.94,78,47,7.63,BR,2022-06-15 23:17:38,scattered clouds
556,Waki,34.0667,134.15,71.02,88,100,2.53,JP,2022-06-15 23:17:39,light rain
557,Santiago,-33.4569,-70.6483,56.17,62,40,5.75,CL,2022-06-15 23:17:06,scattered clouds
558,Nisia Floresta,-6.0911,-35.2086,77.38,86,15,5.32,BR,2022-06-15 23:17:39,few clouds
559,Adrar,20.5022,-10.0711,93.72,15,17,7.16,MR,2022-06-15 23:18:40,few clouds
560,Campbell River,50.0163,-125.2446,59.45,72,100,6.91,CA,2022-06-15 23:15:13,overcast clouds
561,Formosa,-26.1775,-58.1781,64.38,82,0,5.75,AR,2022-06-15 23:18:40,clear sky
562,Slave Lake,55.2834,-114.769,66.18,59,100,10.36,CA,2022-06-15 23:18:40,overcast clouds
563,Benjamin Aceval,-24.9667,-57.5667,68.14,81,0,5.1,PY,2022-06-15 23:18:41,clear sky
564,Cascais,38.6979,-9.4215,66.51,76,88,21.0,PT,2022-06-15 23:18:41,overcast clouds
565,Sterling,39.0062,-77.4286,87.78,66,40,8.05,US,2022-06-15 23:14:55,scattered clouds
566,Anchorage,61.2181,-149.9003,67.55,50,0,8.05,US,2022-06-15 23:16:15,clear sky
567,San Cristobal,7.7669,-72.225,77.18,89,56,4.27,VE,2022-06-15 23:18:42,broken clouds
568,Bolshoye Selo,57.7177,38.9334,53.65,84,87,9.73,RU,2022-06-15 23:18:42,overcast clouds
569,Whitehorse,60.7161,-135.0538,65.01,50,75,5.99,CA,2022-06-15 23:15:11,broken clouds
570,Mopti,14.6667,-4.0,96.67,27,21,17.65,ML,2022-06-15 23:18:42,few clouds
571,Kalmunai,7.4167,81.8167,77.88,78,100,4.36,LK,2022-06-15 23:18:43,overcast clouds
572,Umarkot,25.3616,69.7362,83.88,69,8,19.13,PK,2022-06-15 23:18:43,clear sky
573,Egvekinot,66.3167,-179.1667,32.49,91,100,3.58,RU,2022-06-15 23:18:43,overcast clouds
574,Yorosso,12.3536,-4.7761,83.35,55,100,14.03,ML,2022-06-15 23:18:44,overcast clouds
575,Itoman,26.1247,127.6694,77.02,94,75,20.71,JP,2022-06-15 23:18:44,heavy intensity rain
576,Kahului,20.8947,-156.47,82.42,65,40,21.85,US,2022-06-15 23:18:44,scattered clouds
577,Hvolsvollur,63.7533,-20.2243,45.45,80,23,9.13,IS,2022-06-15 23:18:45,few clouds
578,Bandarbeyla,9.4942,50.8122,78.31,81,99,26.64,SO,2022-06-15 23:18:45,overcast clouds
579,Tahta,26.7693,31.5021,84.2,30,2,9.31,EG,2022-06-15 23:18:45,clear sky
580,Alexandria,31.2156,29.9553,74.82,79,0,6.98,EG,2022-06-15 23:16:39,clear sky
581,Belaya Gora,68.5333,146.4167,68.43,34,33,11.7,RU,2022-06-15 23:18:46,scattered clouds
582,Nuevo Progreso,23.1667,-97.95,85.53,59,85,13.11,MX,2022-06-15 23:18:46,overcast clouds
583,Solwezi,-12.1688,26.3894,53.62,52,0,2.62,ZM,2022-06-15 23:18:46,clear sky
584,Comodoro Rivadavia,-45.8667,-67.5,39.06,70,0,0.0,AR,2022-06-15 23:18:47,clear sky
585,Lakes Entrance,-37.8811,147.981,53.46,74,79,9.08,AU,2022-06-15 23:18:47,broken clouds
586,Raudeberg,61.9875,5.1352,51.87,92,100,10.92,NO,2022-06-15 23:18:47,overcast clouds
587,Antananarivo,-18.9137,47.5361,57.16,100,20,3.44,MG,2022-06-15 23:18:48,few clouds
588,Zeya,53.75,127.2667,66.16,68,26,3.31,RU,2022-06-15 23:18:48,scattered clouds
589,Harnosand,62.6323,17.9379,55.42,77,25,8.63,SE,2022-06-15 23:18:48,scattered clouds
590,Maryborough,-25.5333,152.7,65.88,68,96,2.75,AU,2022-06-15 23:18:49,overcast clouds
591,Jacqueville,5.2052,-4.4146,78.73,84,100,17.09,CI,2022-06-15 23:18:49,light rain
592,Carutapera,-1.195,-46.02,76.66,78,95,8.81,BR,2022-06-15 23:18:49,overcast clouds
593,Oxelosund,58.6706,17.1015,55.78,82,0,3.44,SE,2022-06-15 23:18:50,clear sky
594,Nador,35.174,-2.9287,82.65,51,0,8.05,MA,2022-06-15 23:18:50,clear sky
595,Xuddur,4.1213,43.8894,72.68,65,63,19.53,SO,2022-06-15 23:18:50,broken clouds
596,Sayyan,15.1718,44.3244,66.15,23,100,9.48,YE,2022-06-15 23:18:51,overcast clouds
597,Klaksvik,62.2266,-6.589,50.92,98,100,9.19,FO,2022-06-15 23:18:51,overcast clouds
598,Ribeira Brava,32.65,-17.0667,68.72,77,32,11.27,PT,2022-06-15 23:18:51,scattered clouds
599,Pahrump,36.2083,-115.9839,99.52,5,0,5.99,US,2022-06-15 23:18:52,clear sky
600,Minab,27.1467,57.0801,89.92,40,9,2.3,IR,2022-06-15 23:18:52,clear sky
601,Dongsheng,39.8161,109.9776,71.98,24,78,6.13,CN,2022-06-15 23:18:52,broken clouds
602,Liuhe,42.2401,125.7172,62.02,87,75,4.88,CN,2022-06-15 23:18:53,broken clouds
603,Okhotsk,59.3833,143.3,47.53,81,100,5.48,RU,2022-06-15 23:18:53,overcast clouds
604,Hermon,44.8101,-68.9134,75.31,48,5,5.73,US,2022-06-15 23:18:53,clear sky
605,Taoudenni,22.6783,-3.9836,96.17,8,0,1.86,ML,2022-06-15 23:18:54,clear sky
606,Atar,20.5169,-13.0499,92.79,31,97,5.17,MR,2022-06-15 23:18:54,light rain
607,Aksarka,66.5606,67.7975,52.3,44,4,7.25,RU,2022-06-15 23:19:55,clear sky
608,Sao Gabriel Da Cachoeira,-0.1303,-67.0892,72.54,97,62,1.32,BR,2022-06-15 23:19:55,broken clouds
609,Humberto De Campos,-2.5983,-43.4611,73.94,81,80,4.16,BR,2022-06-15 23:19:55,broken clouds
610,Hof,50.3167,11.9167,62.51,69,7,3.0,DE,2022-06-15 23:19:56,clear sky
611,Bilibino,68.0546,166.4372,54.03,30,3,4.79,RU,2022-06-15 23:19:56,clear sky
612,Port Blair,11.6667,92.75,80.98,81,58,6.82,IN,2022-06-15 23:19:56,broken clouds
613,Bjelovar,45.8986,16.8489,59.45,83,2,3.44,HR,2022-06-15 23:19:57,clear sky
614,Malanje,-9.5402,16.341,60.66,40,29,2.37,AO,2022-06-15 23:19:57,scattered clouds
615,Port Shepstone,-30.7414,30.455,58.46,44,16,23.24,ZA,2022-06-15 23:19:57,few clouds
616,Sidi Ali,36.0998,0.4206,90.37,23,100,9.51,DZ,2022-06-15 23:19:58,overcast clouds
617,Ilovlya,49.3033,43.9796,65.84,75,86,2.98,RU,2022-06-15 23:19:58,overcast clouds
618,Dauriya,49.9333,116.8667,64.53,62,1,7.61,RU,2022-06-15 23:19:58,clear sky
619,Kapit,2.0167,112.9333,72.79,100,65,0.94,MY,2022-06-15 23:19:59,broken clouds
620,Batagay-Alyta,67.8006,130.4114,45.21,89,100,8.68,RU,2022-06-15 23:19:59,moderate rain
621,Nampula,-15.1165,39.2666,66.15,94,0,5.75,MZ,2022-06-15 23:19:59,clear sky
622,Pangai,-19.8,-174.35,82.51,74,20,13.8,TO,2022-06-15 23:20:00,few clouds
623,Bissau,11.8636,-15.5977,78.91,94,0,2.3,GW,2022-06-15 23:20:00,clear sky
624,Ostuni,40.7276,17.5764,71.58,65,27,5.88,IT,2022-06-15 23:20:01,scattered clouds
625,Naze,28.3667,129.4833,72.52,91,100,9.53,JP,2022-06-15 23:20:01,moderate rain
626,Linjiang,41.8069,126.9078,62.04,92,96,1.86,CN,2022-06-15 23:20:01,overcast clouds
627,Kaeo,-35.1,173.7833,60.33,85,36,5.26,NZ,2022-06-15 23:20:02,scattered clouds
628,Biak,-0.9131,122.8766,76.64,82,100,2.37,ID,2022-06-15 23:20:02,overcast clouds
629,Pirajui,-21.9986,-49.4572,64.26,58,23,6.02,BR,2022-06-15 23:20:03,few clouds
630,Uaua,-9.8414,-39.4817,69.42,77,85,15.08,BR,2022-06-15 23:20:03,overcast clouds
631,Moerai,-22.4333,-151.3333,75.2,68,100,11.65,PF,2022-06-15 23:20:03,overcast clouds
632,Graaff-Reinet,-32.2522,24.5308,39.43,70,6,3.18,ZA,2022-06-15 23:20:04,clear sky
633,Farafangana,-22.8167,47.8333,68.61,93,18,10.67,MG,2022-06-15 23:20:04,light rain
634,Sistranda,63.7256,8.834,51.76,95,100,9.69,NO,2022-06-15 23:20:05,light rain
635,Mantua,45.1667,10.7833,78.04,75,64,5.55,IT,2022-06-15 23:20:05,broken clouds
636,Neryungri,56.6709,124.6491,59.32,55,11,5.21,RU,2022-06-15 23:20:05,few clouds
637,Santa Rosa,14.3122,121.1114,83.08,80,99,2.84,PH,2022-06-15 23:20:06,overcast clouds
638,Linxia,35.6003,103.2064,58.75,51,89,3.74,CN,2022-06-15 23:20:06,overcast clouds
639,Balkanabat,39.5108,54.3671,83.93,35,36,9.19,TM,2022-06-15 23:20:06,scattered clouds
640,Awjilah,29.1081,21.2869,76.57,55,6,14.81,LY,2022-06-15 23:20:07,clear sky
641,Basco,20.4487,121.9702,84.9,75,99,7.29,PH,2022-06-15 23:20:07,overcast clouds
642,Pemba,-12.974,40.5178,74.1,83,40,4.61,MZ,2022-06-15 23:20:07,scattered clouds
643,Peleduy,59.6289,112.7406,67.84,53,15,2.77,RU,2022-06-15 23:20:08,few clouds
644,Hovd,48.0056,91.6419,65.84,48,40,2.21,MN,2022-06-15 23:20:08,scattered clouds
645,San Vicente De Canete,-13.0751,-76.3835,61.81,80,10,7.47,PE,2022-06-15 23:20:09,clear sky
646,Porto Novo,6.4965,2.6036,76.82,93,100,7.27,BJ,2022-06-15 23:20:09,overcast clouds
647,Huanan,46.2167,130.5167,64.4,67,98,4.52,CN,2022-06-15 23:20:09,overcast clouds
648,Lopsmarka,67.3134,14.4493,48.51,97,10,0.0,NO,2022-06-15 23:20:10,clear sky
649,Madang,-5.2246,145.7966,80.85,82,99,3.09,PG,2022-06-15 23:20:10,overcast clouds
650,Gori,41.9842,44.1158,58.89,88,69,11.34,GE,2022-06-15 23:20:10,broken clouds
651,Mwingi,-0.9344,38.0601,64.04,85,54,7.0,KE,2022-06-15 23:20:11,broken clouds
652,Sault Sainte Marie,46.5168,-84.3333,77.29,64,0,12.66,CA,2022-06-15 23:18:24,clear sky
653,Prievidza,48.7745,18.6275,58.71,81,65,4.0,SK,2022-06-15 23:21:11,broken clouds
654,Port Hedland,-20.3167,118.5667,60.85,67,49,6.91,AU,2022-06-15 23:21:11,scattered clouds
655,Roald,62.5833,6.1333,57.16,93,100,4.61,NO,2022-06-15 23:21:12,overcast clouds
656,Pakokku,21.3333,95.1,81.99,73,100,13.06,MM,2022-06-15 23:21:12,overcast clouds
657,Evensk,61.95,159.2333,47.84,71,42,9.73,RU,2022-06-15 23:21:12,scattered clouds
658,Ajdabiya,30.7554,20.2263,75.65,58,0,12.08,LY,2022-06-15 23:21:13,clear sky
659,Keuruu,62.2667,24.7,53.78,93,1,11.45,FI,2022-06-15 23:21:13,clear sky
660,Ayorou,14.7308,0.9174,93.42,37,78,14.63,NE,2022-06-15 23:21:13,broken clouds
661,San Antonio,29.4241,-98.4936,99.05,41,20,17.27,US,2022-06-15 23:20:02,few clouds
662,San Francisco,37.7749,-122.4194,90.25,68,20,25.32,US,2022-06-15 23:20:37,few clouds
663,Rathdrum,47.8137,-116.892,71.6,46,0,4.61,US,2022-06-15 23:21:14,clear sky
664,Christchurch,-43.5333,172.6333,55.47,84,22,4.61,NZ,2022-06-15 23:20:00,few clouds
665,Lucapa,-8.4192,20.7447,67.08,32,1,3.67,AO,2022-06-15 23:21:14,clear sky
666,Quanzhou,24.9139,118.5858,73.74,94,100,2.46,CN,2022-06-15 23:21:15,light rain
667,Saint-Georges,12.0564,-61.7485,80.28,89,40,18.41,GD,2022-06-15 23:20:01,scattered clouds
668,Uruzgan,32.8333,66.0,71.92,19,0,7.05,AF,2022-06-15 23:21:15,clear sky
669,Moissala,8.3404,17.7663,78.08,63,99,4.56,TD,2022-06-15 23:21:16,overcast clouds
670,Launceston,-41.45,147.1667,47.8,97,40,8.05,AU,2022-06-15 23:21:16,scattered clouds
671,Los Barrios,36.1848,-5.4921,71.44,78,20,5.75,ES,2022-06-15 23:21:16,few clouds
672,Zhigansk,66.7697,123.3711,50.99,64,4,18.07,RU,2022-06-15 23:21:17,clear sky
673,San Rafael,-34.6177,-68.3301,48.25,49,0,5.41,AR,2022-06-15 23:20:36,clear sky
674,Chino Valley,34.7575,-112.4538,97.41,7,0,8.05,US,2022-06-15 23:21:17,clear sky
675,Vuktyl,63.8567,57.3094,51.46,79,48,3.27,RU,2022-06-15 23:21:17,scattered clouds
676,Manokwari,-0.8667,134.0833,79.79,73,44,2.84,ID,2022-06-15 23:21:18,scattered clouds
677,Maine-Soroa,13.2114,12.0241,85.28,41,25,5.39,NE,2022-06-15 23:21:18,scattered clouds
678,Gimli,50.6336,-96.9907,71.62,43,6,18.41,CA,2022-06-15 23:21:18,clear sky
679,Chiang Rai,19.9167,99.9167,73.58,99,75,1.14,TH,2022-06-15 23:21:19,broken clouds
680,Challapata,-18.9,-66.7667,42.24,21,0,4.61,BO,2022-06-15 23:21:19,clear sky
681,Thetford Mines,46.0913,-71.3013,73.35,67,42,3.2,CA,2022-06-15 23:21:19,scattered clouds
682,Mnogovershinnyy,53.9353,139.9242,42.31,97,100,2.98,RU,2022-06-15 23:21:20,moderate rain
683,Qasigiannguit,68.8193,-51.1922,39.45,71,7,3.91,GL,2022-06-15 23:21:20,clear sky
684,Palauig,15.435,119.9045,83.55,72,99,1.97,PH,2022-06-15 23:21:21,overcast clouds
685,Pringsewu,-5.3582,104.9744,71.78,92,100,1.9,ID,2022-06-15 23:21:21,overcast clouds
686,Bachaquero,9.9694,-71.1494,82.0,76,31,4.38,VE,2022-06-15 23:21:21,scattered clouds
687,Murgab,37.4966,61.9714,84.6,22,31,8.37,TM,2022-06-15 23:21:22,scattered clouds
688,Ituporanga,-27.4144,-49.6025,54.46,90,97,1.61,BR,2022-06-15 23:21:22,overcast clouds
689,Touros,-5.1989,-35.4608,75.24,79,14,9.91,BR,2022-06-15 23:21:22,few clouds
690,Termiz,37.2242,67.2783,73.49,38,0,2.3,UZ,2022-06-15 23:21:23,clear sky
691,North Branch,45.5113,-92.9802,77.29,75,80,8.99,US,2022-06-15 23:17:06,broken clouds
692,Seydi,39.4816,62.9137,84.52,21,0,9.64,TM,2022-06-15 23:21:23,clear sky
693,Lukovetskiy,64.2956,41.9211,56.77,99,74,6.06,RU,2022-06-15 23:21:23,light rain
694,Mocuba,-16.8392,36.9856,64.2,83,0,4.41,MZ,2022-06-15 23:21:24,clear sky
695,Sept-Iles,50.2001,-66.3821,78.8,48,40,13.8,CA,2022-06-15 23:21:18,scattered clouds
696,Hohhot,40.8106,111.6522,68.29,42,0,2.24,CN,2022-06-15 23:21:24,clear sky
697,Edgewater,28.9889,-80.9023,90.12,74,20,10.36,US,2022-06-15 23:21:25,few clouds
698,Monticello,45.3055,-93.7941,79.14,40,0,16.11,US,2022-06-15 23:19:19,clear sky
699,Puerto Lempira,15.2667,-83.7667,77.14,88,100,6.91,HN,2022-06-15 23:21:25,overcast clouds
700,Ayan,56.45,138.1667,43.39,91,95,1.52,RU,2022-06-15 23:22:25,light rain
701,Kutum,14.2,24.6667,81.57,26,49,3.8,SD,2022-06-15 23:22:26,scattered clouds
702,Lazarev,52.225,141.5131,45.55,95,88,10.04,RU,2022-06-15 23:22:26,overcast clouds
703,Sioux Lookout,50.1001,-91.917,64.47,63,100,8.05,CA,2022-06-15 23:18:31,light intensity shower rain
704,Jinji,23.2281,110.8261,74.86,97,100,1.39,CN,2022-06-15 23:22:26,overcast clouds
705,Sabha,27.0377,14.4283,81.05,19,0,15.73,LY,2022-06-15 23:22:27,clear sky
706,Nueve De Julio,-35.4444,-60.8831,53.06,58,52,4.88,AR,2022-06-15 23:22:27,broken clouds
707,Belgorod,50.61,36.58,56.03,71,0,6.71,RU,2022-06-15 23:22:27,clear sky
708,Gravdal,68.1214,13.5031,48.6,84,15,1.43,NO,2022-06-15 23:22:28,few clouds
709,Abu Kamal,34.4506,40.9171,82.53,31,0,7.31,SY,2022-06-15 23:22:28,clear sky
710,Sao Gabriel,-30.3364,-54.32,54.81,88,38,5.66,BR,2022-06-15 23:22:28,scattered clouds
711,Kautokeino,69.0125,23.0412,43.09,73,96,11.36,NO,2022-06-15 23:17:54,overcast clouds
712,Leningradskiy,69.3833,178.4167,40.37,75,86,10.89,RU,2022-06-15 23:22:29,overcast clouds
713,La Ronge,55.1001,-105.2842,62.85,55,75,4.61,CA,2022-06-15 23:22:29,broken clouds
714,Petropavlovsk-Kamchatskiy,53.0452,158.6483,48.79,76,40,11.18,RU,2022-06-15 23:22:29,scattered clouds
715,Yamasaki,35.0,134.55,72.34,91,100,0.89,JP,2022-06-15 23:22:30,light rain
716,Bernay,49.1667,0.6667,62.42,71,38,5.73,FR,2022-06-15 23:22:30,scattered clouds
717,Novoilinsk,51.6829,108.7143,67.59,47,52,1.05,RU,2022-06-15 23:22:30,broken clouds
718,Constitucion,-35.3333,-72.4167,51.42,88,24,7.76,CL,2022-06-15 23:22:31,few clouds
719,Aonla,28.2833,79.15,95.65,34,51,6.11,IN,2022-06-15 23:22:31,broken clouds
720,Kyra,49.5776,111.9753,63.41,69,100,1.41,RU,2022-06-15 23:22:31,overcast clouds
721,Avera,33.194,-82.5271,90.91,56,29,23.76,US,2022-06-15 23:22:32,scattered clouds
722,Kungurtug,50.5994,97.5228,56.41,86,33,0.76,RU,2022-06-15 23:22:32,scattered clouds
723,Bayonet Point,28.3267,-82.6834,91.4,76,81,12.06,US,2022-06-15 23:22:32,broken clouds
724,Dudinka,69.4058,86.1778,67.62,54,87,8.48,RU,2022-06-15 23:22:33,overcast clouds
725,Poum,-20.2333,164.0167,78.71,77,4,17.54,NC,2022-06-15 23:22:33,clear sky
726,Muroto,33.2833,134.15,73.49,83,100,10.78,JP,2022-06-15 23:22:33,light rain
727,Amahai,-3.3333,128.9167,78.57,86,85,1.95,ID,2022-06-15 23:22:34,overcast clouds
728,Nipawin,53.3668,-104.0009,64.44,52,75,5.75,CA,2022-06-15 23:22:34,broken clouds
729,Chumikan,54.7183,135.315,39.47,93,100,1.99,RU,2022-06-15 23:22:34,overcast clouds
730,Wlodawa,51.55,23.55,51.94,91,18,4.68,PL,2022-06-15 23:22:35,few clouds
731,La Palma,33.8464,-118.0467,97.5,67,0,12.66,US,2022-06-15 23:22:35,clear sky
732,Mao,39.8885,4.2658,73.96,78,0,4.61,ES,2022-06-15 23:22:35,clear sky
733,Natal,-5.795,-35.2094,77.22,88,20,4.61,BR,2022-06-15 23:20:29,few clouds
